월,게시일,경과일,최근7일,최근30일,최근90일,지역,브랜드,활동유형,제목,요약,URL,출처,검색어,블로그명,수집일시,신규수집,알콘,쿠퍼,바슈롬
2026-07,2026-07-20,0,1,1,1,미분류,알콘,프로모션,아버지와 아들이 왔어요. 아들이 군대 간다고 하네요.,투명렌즈 #알콘 #아큐브 #바슈롬 #쿠퍼비젼 #도수없는안경 #패션안경 #메가박스건너편안경 #보호안경... 원플원#행사안경 저희 블로그 글을 읽고 저와 다른 생각을 가지신 분은 댓글 남겨주세요.손에 많은...,https://blog.naver.com/2696089/224350453078,naver_blog_api,바슈롬 렌즈 행사,안경메신저(OK안경공장),2026-07-20T11:46:39+09:00,1,1,0,0
2026-07,2026-07-19,1,1,1,1,미분류,알콘,프로모션,경산 안경 으뜸플러스안경 경산펜타힐즈점 예쁜 선글라스...,안경원보다 훨씬 착해서 부담 없이 이것저것 다 써봤답니다. 마침 여름 시즌에 맞춘 '핫썸머 세일'도 진행 중이었는데요! 청광 안경렌즈(블루라이트 차단) 를 드라이브 전용 렌즈로 업그레이드해 주는 이벤트를...,https://blog.naver.com/mingbromom/224351260225,naver_blog_api,알콘 안경원 이벤트,밍브로네 육아상회❤️,2026-07-20T11:46:39+09:00,1,1,0,0
2026-07,2026-07-19,1,1,1,1,미분류,알콘,프로모션,"포항 변색렌즈 추천, 여름철 필수 안경렌즈!",+ 정품 품질 보증카드 발급 ▼▼▼▼▼▼▼ 매달 놀라운 할인 콘택트렌즈 가격표 공개! 이번달... 포항다초첨렌즈 #포항다초점 #포항아큐브포항 #포항바슈롬 #포항인터로조 #포항미광 #포항알콘 #포항쿠퍼비전...,https://blog.naver.com/tall0201/224350881841,naver_blog_api,바슈롬 콘택트렌즈 이벤트,으뜸플러스안경 포항오천점,2026-07-20T11:46:39+09:00,1,1,0,0
2026-07,2026-07-19,1,1,1,1,미분류,알콘,프로모션,"오랜 단골 변색 누진다초점 쓰시는 손님. 오늘은 멀리, 가까이...",투명렌즈 #알콘 #아큐브 #바슈롬 #쿠퍼비젼 #도수없는안경 #패션안경 #메가박스건너편안경 #보호안경... 원플원#행사안경 저희 블로그 글을 읽고 저와 다른 생각을 가지신 분은 댓글 남겨주세요.손에 많은...,https://blog.naver.com/2696089/224348634933,naver_blog_api,바슈롬 렌즈 행사,안경메신저(OK안경공장),2026-07-20T11:46:39+09:00,1,1,0,0
2026-07,2026-07-18,2,1,1,1,미분류,알콘,프로모션,"부천 안경점 : 으뜸50안경 부천 신중동점, 부천 안경점 싼곳",7월30일까지 알콘 단독행사 중으로 근시 난시 대용량 5천원 할인을 하고 있습니다. 그 외 바캉스 시즌을 맞아 누진렌즈 2배 업그레이드 행사와 스크레치에 강한 이지스 코팅 무상혜택등으로 소비자에게...,https://blog.naver.com/get_29/224350593941,naver_blog_api,알콘 렌즈 행사,스탠킴 : 패션과 맛집,2026-07-20T11:46:39+09:00,1,1,0,0
2026-07,2026-07-18,2,1,1,1,대전,알콘,체험/증정,"알콘 토탈원, 프리시전원 샘플... (대전 가수원동 으뜸50안경원)","알콘 워터클럽을 가입하시면 누구나 100% 토탈원이나. 프리시전원 근시나, 난시. 최대 10알 샘플 증정행사 참여 가능합니다. 제품을 구입하시 않으셔도 신청이 가능합니다. (내방하셔야 합니다) 샘플 체험...",https://blog.naver.com/kara05010301/224350355244,naver_blog_api,알콘 프리시전원 안경원,안경30년,2026-07-20T11:46:39+09:00,1,1,0,0
2026-07,2026-07-18,2,1,1,1,대구,알콘,프로모션,"7월 원데이렌즈 행사,아큐브 썸머 페스타 포함 이벤트 할인행사...","아큐브 모이스트, 오아시스, 오아시스맥스, 디파인, 비타, 2주용, 멀티포컬 바슈롬 소프렌, 바이오트루, 네츄렐, 울트라, 레이셀 알콘 나이트앤데이, 프리시전원, 토탈원 인터로조 클라렌투명, 클라렌...",https://blog.naver.com/secondface_daegu/224350306728,naver_blog_api,바슈롬 울트라 이벤트,대구 세컨페이스안경 죽전점,2026-07-20T11:46:39+09:00,1,1,0,0
2026-07,2026-07-18,2,1,1,1,미분류,알콘,프로모션,기존 안경이 부러져서 새로 안경 맞추러 오신 초등학교 6학년...,투명렌즈 #알콘 #아큐브 #바슈롬 #쿠퍼비젼 #도수없는안경 #패션안경 #메가박스건너편안경 #보호안경... 원플원#행사안경 저희 블로그 글을 읽고 저와 다른 생각을 가지신 분은 댓글 남겨주세요.손에 많은...,https://blog.naver.com/2696089/224350163138,naver_blog_api,바슈롬 렌즈 행사,안경메신저(OK안경공장),2026-07-20T11:46:39+09:00,1,1,0,0
2026-07,2026-07-18,2,1,1,1,부산,알콘,프로모션,부산 화명동 안경 일회용렌즈 저렴한곳 으뜸50안경 위드렌즈,"일회용렌즈 회사가 무척 많은데요 오큐파인, 레나 등 1+1 행사를 하고있는 상품이 가장 먼저 눈에... ㅎㅎ 알콘에서도 최초로 일주일용 렌즈가 나왔더라구요 아무래도 콘택트렌즈를 찾는분들이 많아지니까...",https://blog.naver.com/tsalhot/224350132184,naver_blog_api,알콘 렌즈 행사,쥬우 로컬 아카이브,2026-07-20T11:46:39+09:00,1,1,0,0
2026-07,2026-07-18,2,1,1,1,미분류,알콘,프로모션,[다비치 군산 나운점] 여름 필수템! 스타일과 기능을 모두...,"아큐브, #알콘, #쿠퍼비전, #난시렌즈, #다비치마켓, #행사 안녕하세요 예쁜 렌즈와 고객님 얼굴에 잘 맞는 안경만 가져오는 다비치 군산 나운점 입니다 햇빛이 강해지는 요즘, 선글라스 하나쯤은 꼭 필요한...",https://blog.naver.com/davichgunsannaun/224348643552,naver_blog_api,알콘 렌즈 행사,다비치안경 보청기 군산나운점,2026-07-20T11:46:39+09:00,1,1,0,0
2026-07,2026-07-18,2,1,1,1,미분류,알콘,프로모션,안경렌즈 교체하기. 손님이 가져오신 안경테에 안경렌즈...,투명렌즈 #알콘 #아큐브 #바슈롬 #쿠퍼비젼 #도수없는안경 #패션안경 #메가박스건너편안경 #보호안경... 원플원#행사안경 저희 블로그 글을 읽고 저와 다른 생각을 가지신 분은 댓글 남겨주세요.손에 많은...,https://blog.naver.com/2696089/224348627898,naver_blog_api,바슈롬 렌즈 행사,안경메신저(OK안경공장),2026-07-20T11:46:39+09:00,1,1,0,0
2026-07,2026-07-18,2,1,1,1,부산,쿠퍼,프로모션,마이데이 원데이 콘택트렌즈 90p+30p 프로모션 저렴한 안경점,"으뜸+행사가 ""117,000원"" 렌즈 장점 > 프리미엄 실리콘 하이드로겔... 부산센텀다초점렌즈 #부산센텀다초점 #부산센텀아큐브 #부산센텀바슈롬 #부산센텀인터로조...",https://blog.naver.com/topplusbcc/224350078123,naver_blog_api,바슈롬 렌즈 행사,으뜸플러스안경부산센텀점,2026-07-20T11:46:39+09:00,1,0,1,0
2026-07,2026-07-17,3,1,1,1,미분류,알콘,프로모션,가지고 온 안경 렌즈로 안경 맞추고 싶다고 오신 손님.,투명렌즈 #알콘 #아큐브 #바슈롬 #쿠퍼비젼 #도수없는안경 #패션안경 #메가박스건너편안경 #보호안경... 원플원#행사안경 저희 블로그 글을 읽고 저와 다른 생각을 가지신 분은 댓글 남겨주세요.손에 많은...,https://blog.naver.com/2696089/224349707745,naver_blog_api,바슈롬 렌즈 행사,안경메신저(OK안경공장),2026-07-20T11:46:39+09:00,1,1,0,0
2026-07,2026-07-17,3,1,1,1,미분류,알콘,프로모션,중국에서 살다가 이제 한국에 거주하시는 동포분 돋보기 맞추러...,투명렌즈 #알콘 #아큐브 #바슈롬 #쿠퍼비젼 #도수없는안경 #패션안경 #메가박스건너편안경 #보호안경... 원플원#행사안경 저희 블로그 글을 읽고 저와 다른 생각을 가지신 분은 댓글 남겨주세요.손에 많은...,https://blog.naver.com/2696089/224348324712,naver_blog_api,바슈롬 렌즈 행사,안경메신저(OK안경공장),2026-07-20T11:46:39+09:00,1,1,0,0
2026-07,2026-07-17,3,1,1,1,미분류,알콘,프로모션,청주 오송 알콘 프리시전 7 일주일용 신상 콘택트 렌즈 입점...,눈빛안경 알콘 일주일용 : 프리시전7 렌즈 판매 1팩에 12개입이 있습니다 좌우 도수가 같다면... 프로모션 행사가 진행중이며 35.000원에 안내해 드리고 있습니다 합리적인 가격에 만나보실 수 있습니다...,https://blog.naver.com/korwater0114/224349384698,naver_blog_api,알콘 렌즈 행사,하루를 담다,2026-07-20T11:46:39+09:00,1,1,0,0
2026-07,2026-07-16,4,1,1,1,미분류,알콘,프로모션,가시면서 상담하고 가신 손님. 오늘 안경렌즈 교체하러 오셨어요~,투명렌즈 #알콘 #아큐브 #바슈롬 #쿠퍼비젼 #도수없는안경 #패션안경 #메가박스건너편안경 #보호안경... 원플원#행사안경 저희 블로그 글을 읽고 저와 다른 생각을 가지신 분은 댓글 남겨주세요.손에 많은...,https://blog.naver.com/2696089/224348315401,naver_blog_api,바슈롬 렌즈 행사,안경메신저(OK안경공장),2026-07-20T11:46:39+09:00,1,1,0,0
2026-07,2026-07-16,4,1,1,1,미분류,바슈롬,프로모션,여수 안경 욕심껏 맞춰도 좋은 으뜸플러스 여수점,"오랜만에 갔는데도 깔끔했고 안경사님이 디자인 추천부터 시력에 맞는 도수의 렌즈와 편안한... 60 : 24,000원 마지막으로 여름 시즌 이벤트는 콘택트렌즈도 해당 된다는 사실~! 소프렌 원데이 바슈롬 제품이랑...",https://blog.naver.com/jiyun0361/224348726772,naver_blog_api,바슈롬 콘택트렌즈 이벤트,해우소,2026-07-20T11:46:39+09:00,1,0,0,1
2026-07,2026-07-16,4,1,1,1,미분류,알콘,프로모션,[다비치 군산 나운점] 가볍고 고급스러운 티타늄 안경...,"아큐브, #알콘, #쿠퍼비전, #난시렌즈, #다비치마켓, #행사 안녕하세요 예쁜 렌즈와 고객님 얼굴에 잘 맞는 안경만 가져오는 다비치 군산 나운점 입니다 오늘 소개해드릴 안경은 심플하면서도 고급스러운...",https://blog.naver.com/davichgunsannaun/224348588405,naver_blog_api,알콘 렌즈 행사,다비치안경 보청기 군산나운점,2026-07-20T11:46:39+09:00,1,1,0,0
2026-07,2026-07-16,4,1,1,1,미분류,알콘,프로모션,[다비치 군산 나운점] 부담 없이 쓰기 좋은 어린이 안경테 추천!,"아큐브, #알콘, #쿠퍼비전, #난시렌즈, #다비치마켓, #행사 안녕하세요 예쁜 렌즈와 고객님 얼굴에 잘 맞는 안경만 가져오는 다비치 군산 나운점 입니다 오늘은 아이들부터 학생들까지 부담 없이 착용하기 좋은...",https://blog.naver.com/davichgunsannaun/224348538057,naver_blog_api,알콘 렌즈 행사,다비치안경 보청기 군산나운점,2026-07-20T11:46:39+09:00,1,1,0,0
2026-07,2026-07-16,4,1,1,1,미분류,알콘,프로모션,파주 안경 & 운정안경 다비치안경 파주 야당역점,"특히나 다비치안경은 아큐브, 알콘 콘텐츠 렌즈를 최저가로 만날 수 있는 곳이라고 하더라구요. 최대 50~65%로 할인행사도 하고 있으니, 렌즈 착용이 잦으신 분들은 다비치안경에서도 한번 구매해 보시길...",https://blog.naver.com/mmaaayyy/224348494919,naver_blog_api,알콘 렌즈 행사,오늘의 요영,2026-07-20T11:46:39+09:00,1,1,0,0
2026-07,2026-07-16,4,1,1,1,미분류,알콘,프로모션,[다비치 군산 나운점] ✨ 아이들의 밝은 미래를 위한 따뜻한 나눔,"아큐브, #알콘, #쿠퍼비전, #난시렌즈, #다비치마켓, #행사 안녕하세요 예쁜 렌즈와 고객님 얼굴에 잘 맞는 안경만 가져오는 다비치 군산 나운점 입니다 오늘은 정말 뜻깊었던 소식을 여러분께 전해드리려고 해요....",https://blog.naver.com/davichgunsannaun/224348474637,naver_blog_api,알콘 렌즈 행사,다비치안경 보청기 군산나운점,2026-07-20T11:46:39+09:00,1,1,0,0
2026-07,2026-07-16,4,1,1,1,울산,알콘,프로모션,병영 렌즈 저렴한 곳 / 안경 저렴한 곳 추천 ] 글라스미 렌즈미...,"아큐브, 알콘, 바슈롬 등등 글로벌 렌즈도 많고 울산 최저가에 노마진 판매라고 하니 !!! 가격비교해... 유스쵸코렌즈!!! 추천 감사해요 다음에 렌즈 후기편 올릴게요 렌즈 가격도 부담스럽지 않고 행사까지 진행...",https://blog.naver.com/audgml9562/224348436202,naver_blog_api,바슈롬 렌즈 행사,Record daily life *,2026-07-20T11:46:39+09:00,1,1,0,0
2026-07,2026-07-16,4,1,1,1,미분류,알콘,프로모션,콘텍트 렌즈 상시 할인행사 ★,그래서 저희 안경원에서는 인기 브랜드 콘택트렌즈를 할인된 가격으로 만나보실 수 있는 상시... 렌즈 ✔ 쿠퍼비전 클래리티 바이오피니티 마이데이 ✔ 인터로조 클라렌 클라렌 칼라 O2O2 등 ✔ 알콘...,https://blog.naver.com/dksrud7877/224348359681,naver_blog_api,쿠퍼 바이오피니티 안경원,"안경아울렛 (시화점,송도1공구점,송도5공구점)",2026-07-20T11:46:39+09:00,1,1,0,0
2026-07,2026-07-16,4,1,1,1,부산,알콘,프로모션,부산 하단 안경점 안경 일회용렌즈 저렴한곳 으뜸50안경,"부산 하단 안경점 안경 일회용렌즈 저렴한곳 으뜸50안경 안경이나 콘택트렌즈를 새로 구매할 때마다... 제가 방문했을 때는 마이데이, 아큐브, 알콘, 바슈롬, 쿠퍼비전 등 다양한 브랜드를 취급하고 있었어요....",https://blog.naver.com/donggle0329/224348319384,naver_blog_api,바슈롬 콘택트렌즈 이벤트,여유로운 햇님의 여유 여행,2026-07-20T11:46:39+09:00,1,1,0,0
2026-07,2026-07-16,4,1,1,1,미분류,쿠퍼,프로모션,동해다비치눈눈혜택콘택트렌즈 구매하고 안경렌즈·안경테...,시 → 마이데이 10% 할인(최대 1만원) ※쿠퍼비전 멤버십 혜택 중복 적용 가능 여름철 필수 아이템을 한 번에 준비하기 좋은 구성입니다. 7월~8월 '눈눈혜택'이벤트도 놓칠 수 없죠! 이어지는 '눈눈혜택...,https://blog.naver.com/tootap/224348289089,naver_blog_api,쿠퍼 마이데이 이벤트,다비치안경 동해점,2026-07-20T11:46:39+09:00,1,0,1,0
2026-07,2026-07-16,4,1,1,1,미분류,알콘,프로모션,난시가 있으면 꼭 난시용 렌즈를 착용해야 할까요?,자세한 행사 가격은 매장으로 문의 또는 행사 게시글을 확인해 주세요.) ✔ 아큐브 모이스트 난시 → 촉촉한 착용감을 선호하는 분들에게 꾸준히 선택되는 원데이 난시용 렌즈입니다. ✔ 알콘 데일리스 토탈원...,https://blog.naver.com/toppluscwpy/224347176521,naver_blog_api,알콘 렌즈 행사,으뜸플러스안경 창원팔용점,2026-07-20T11:46:39+09:00,1,1,0,0
2026-07,2026-07-16,4,1,1,1,미분류,알콘,프로모션,백내장 수술하고 시간이 좀 지나서 시력이 떨어졌다고 안경...,투명렌즈 #알콘 #아큐브 #바슈롬 #쿠퍼비젼 #도수없는안경 #패션안경 #메가박스건너편안경 #보호안경... 원플원#행사안경 저희 블로그 글을 읽고 저와 다른 생각을 가지신 분은 댓글 남겨주세요.손에 많은...,https://blog.naver.com/2696089/224347650772,naver_blog_api,바슈롬 렌즈 행사,안경메신저(OK안경공장),2026-07-20T11:46:39+09:00,1,1,0,0
2026-07,2026-07-16,4,1,1,1,미분류,알콘,프로모션,하남 미사 안경 내눈에 꼭맞는 누진 다초점렌즈 잘하는곳 3층...,"아니라 콘택트렌즈 가격도 으뜸50이 좋더라구요 알콘 원데이 렌즈, 쿠퍼비전, 바슈롬, 아큐브, 클라렌... 국내 렌즈 업그레이드 이벤트로 렌즈 등급 무료로 높이고 수입 다초점렌즈도 50% 이상 할인중이니 가성비...",https://blog.naver.com/narawh/224348074713,naver_blog_api,바슈롬 콘택트렌즈 이벤트,라니라니의 사부작사부작 소소한 한끼,2026-07-20T11:46:39+09:00,1,1,0,0
2026-07,2026-07-15,5,1,1,1,인천,알콘,프로모션,(인천 연수구)바른 안경을 추구하는 송도안경점,"콘택트렌즈의 경우 아큐브, 알콘, 바슈롬, 인터로조, 쿠퍼비전 등 다양한 품목을 합리적가격에 제공하고 있습니다. 먼슬리 컬러 렌즈는 1+1 행사중이며 윙크,마이피픈 등 다양한 픽업렌즈 파트너로 다양하게...",https://blog.naver.com/hohohol719/224347728638,naver_blog_api,바슈롬 렌즈 행사,마시기•먹기•놀기,2026-07-20T11:46:39+09:00,1,1,0,0
2026-07,2026-07-15,5,1,1,1,미분류,알콘,체험/증정,으뜸50안경 구로시장점 7월 콘택트렌즈 증정 이벤트 행사 할인...,가산디지털단지 알콘 워터클럽 가입혜택 방법 및 행사내용은 ▼아래링크▼에 있습니다 ⭐바슈롬 울트라 페스타⭐ 7월부터 울트라 원데이 득템기간! 울트라 원데이 근시 대용량 90개입 1팩 구매 시...,https://blog.naver.com/top50guro/224347566489,naver_blog_api,바슈롬 울트라 이벤트,으뜸50안경 구로시장점,2026-07-20T11:46:39+09:00,1,1,0,0
2026-07,2026-07-15,5,1,1,1,미분류,알콘,프로모션,너무 진하지 않은 선글라스 렌즈 도수 넣어서 맞추기,투명렌즈 #알콘 #아큐브 #바슈롬 #쿠퍼비젼 #도수없는안경 #패션안경 #메가박스건너편안경 #보호안경... 원플원#행사안경 저희 블로그 글을 읽고 저와 다른 생각을 가지신 분은 댓글 남겨주세요.손에 많은...,https://blog.naver.com/2696089/224347446488,naver_blog_api,바슈롬 렌즈 행사,안경메신저(OK안경공장),2026-07-20T11:46:39+09:00,1,1,0,0
2026-07,2026-07-15,5,1,1,1,미분류,알콘,프로모션,가성비 안경맛집 오픈! 부담없는 가격...,"있는 행사라니 많은 분들이 관심을 가질 만한 이벤트였어요. 또 하나 마음에 들었던 점은 콘택트렌즈 가격이었어요! 아큐브, 알콘 등 인기 원데이 렌즈도 최저가 수준이라 평소 원데이 렌즈를 자주 사용하는...",https://blog.naver.com/yurilee-/224347436545,naver_blog_api,알콘 렌즈 행사,Our + RYH daily blog.,2026-07-20T11:46:39+09:00,1,1,0,0
2026-07,2026-07-15,5,1,1,1,미분류,알콘,프로모션,7월 알콘 워터클럽 가입하고 샘플받고! 대용량 추가 할인받고!...,안녕하세요 : ) 구로/가산동 알콘 원데이렌즈 전문 으뜸50안경 구로시장점 입니다. ⭐지금 바로... 행사기간 은 26. 07. 13 ~ 07. 31 대용량 추가할인 은 7월 31일(금) 결제기준으로 적용 됩니다. 알콘 데일리스...,https://blog.naver.com/top50guro/224347387632,naver_blog_api,알콘 렌즈 행사,으뜸50안경 구로시장점,2026-07-20T11:46:39+09:00,1,1,0,0
2026-07,2026-07-15,5,1,1,1,미분류,알콘,프로모션,7월 알콘의 2주간 진행되는 무료 샘플 이벤트 ~7/31 까지,"1. 토탈 원 (근시, 난시) 토탈원 제품은 하루 종일 촉촉한 착용감을 중요하게 생각하는 고객분들께 추천드리는 알콘의 프리미엄 렌즈 입니다. 렌즈 표면에 높은 함수율이 형성되어 눈에 닿는 느낌이 부드럽고...",https://blog.naver.com/dldktltm2/224347327563,naver_blog_api,알콘 토탈1 이벤트,"다비치안경,보청기 청주금천점입니다^.^",2026-07-20T11:46:39+09:00,1,1,0,0
2026-07,2026-07-15,5,1,1,1,미분류,알콘,프로모션,매교 안경 매교신도시 로이안경,아큐브 알콘 쿠퍼비전 바슈룸 인터로조 브랜드 있는 렌즈들 콘텐츠 렌즈는 미리 예약 하시고 바로 받아가실 수 있으며 할인 행사도 진행하고 있어요 이외에도 전품목 행사 중이니 방문 하셔서 구경해 보시는...,https://blog.naver.com/leeyumi1019/224347275088,naver_blog_api,알콘 렌즈 행사,맛집 애견 여행❤️,2026-07-20T11:46:39+09:00,1,1,0,0
2026-07,2026-07-15,5,1,1,1,부산,알콘,프로모션,화명동 콘택트렌즈 알콘 워터렌즈 이제 워터클럽으로 더 큰 혜택,제공 알콘 렌즈를 꾸준히 착용하시는 고객님이라면 더욱 만족스러운 혜택을 누리실 수 있습니다. 이번 달 대용량 할인 행사! 현재 으뜸50안경 부산화명점에서는 워터클럽과 함께 대용량 제품 할인 행사도...,https://blog.naver.com/top50hmd/224347202160,naver_blog_api,알콘 렌즈 행사,으뜸50안경 위드렌즈 화명점,2026-07-20T11:46:39+09:00,1,1,0,0
2026-07,2026-07-15,5,1,1,1,부산,쿠퍼,프로모션,클래리티원데이렌즈 가성비렌즈 90p+30p 프로모션 저렴한...,"권장소비자가 161,000원 으뜸+행사가 ""58,000원"" 쿠퍼비전 클래리티 원데이 난시 90P 1팩 구매시 30P 1팩... 부산센텀다초점렌즈 #부산센텀다초점 #부산센텀아큐브 #부산센텀바슈롬 #부산센텀인터로조...",https://blog.naver.com/topplusbcc/224347171548,naver_blog_api,바슈롬 렌즈 행사,으뜸플러스안경부산센텀점,2026-07-20T11:46:39+09:00,1,0,1,0
2026-07,2026-07-15,5,1,1,1,미분류,알콘,프로모션,화성 남양 안경점 글라스스토리 안경테 1만원부터! / 신규오픈...,"여름휴가를 앞두고 하나씩 장만하기 좋은 기회라 선글라스 구매를 고민 중이라면 이번 행사도 꼭 확인해 보세요.!! 콘택트렌즈를 사용하는 분들도 방문해 보시면 좋을 것 같아요. 아큐브, 알콘 등 원데이렌즈도...",https://blog.naver.com/alsgmlwjd009/224346986345,naver_blog_api,알콘 렌즈 행사,It's about me ! :),2026-07-20T11:46:39+09:00,1,1,0,0
2026-07,2026-07-15,5,1,1,1,미분류,알콘,프로모션,화성 남양 안경점 추천! 글라스스토리 화성남양점 방문 후기,"다양한 행사를 많이 하고 있었는데 그 중 눈에 들어온게 바로 이거에요! 국산 고급 안경테와... ㅎㅎ 그만큼 예쁜게 많다는 거! 아큐브, 알콘 등 원데이 렌즈도 최저가로 판매중이니까 꼭 한번 방문해보세요",https://blog.naver.com/hibyeyumyum/224346849274,naver_blog_api,알콘 렌즈 행사,hibyeyumyum✨,2026-07-20T11:46:39+09:00,1,1,0,0
2026-07,2026-07-14,6,1,1,1,미분류,바슈롬,프로모션,경주 안경 편하게 고르는 반값 으뜸플러스 경주황성점,8월까지 진행한다는 여름 기획전에 해당되는 콘택트렌즈 정보도 알아왔어요. ✔️ 바슈롬 소프렌... 진행하는 이벤트도 많은데 포스터로 크게 붙어 있으니까 비교해보고 골라도 좋을 거예요. 직경은...,https://blog.naver.com/smartshare/224346806722,naver_blog_api,바슈롬 콘택트렌즈 이벤트,Smart Share,2026-07-20T11:46:39+09:00,1,0,0,1
2026-07,2026-07-14,6,1,1,1,미분류,알콘,프로모션,[리뷰] 오산 안경 최저가 '오산 으뜸안경아울렛 초평점'/오산...,"알콘, 바슈롬, 쿠퍼비전, 인터로조 등 인기 콘택트렌즈 브랜드가 모두 구비되어 있어서 나에게 편하게... 안경, 렌즈 맞출 일이 있으면 재방문하려고 합니당>.행사도 하고...",https://blog.naver.com/moon_doong/224346543104,naver_blog_api,바슈롬 렌즈 행사,행복설계자 문둥,2026-07-20T11:46:39+09:00,1,1,0,0
2026-07,2026-07-14,6,1,1,1,미분류,알콘,게시글,"[포항 영일대 부근 안경원, 케이비젼 두호점] 알콘 워터렌즈...",워터렌즈 근시/난시 or 프리시전 원 근시/난시 샘플신청 누르기 알콘 회사의 주요 렌즈 워터렌즈(근시... / 오프라인 참여 : 도수를 모르거나 오프라인 안경원에 방문했을 때 클릭해주세요. 도수를 몰라도...,https://blog.naver.com/rodeo2389/224346517483,naver_blog_api,알콘 프리시전원 안경원,K비젼안경 포항두호점,2026-07-20T11:46:39+09:00,1,1,0,0
2026-07,2026-07-14,6,1,1,1,미분류,알콘,프로모션,[다비치 군산 나운점] 다양한 컬러로 취향까지 고려한 메탈 안경!,"아큐브, #알콘, #쿠퍼비전, #난시렌즈, #다비치마켓, #행사 안녕하세요 예쁜 렌즈와 고객님 얼굴에 잘 맞는 안경만 가져오는 다비치 군산 나운점 입니다 오늘 소개해드릴 제품은 깔끔하지만 특이한 디자인으로...",https://blog.naver.com/davichgunsannaun/224346422954,naver_blog_api,알콘 렌즈 행사,다비치안경 보청기 군산나운점,2026-07-20T11:46:39+09:00,1,1,0,0
2026-07,2026-07-14,6,1,1,1,부산,알콘,체험/증정,7월 알콘 워터클럽 행사 토탈원/프리시전원 근시/난시 대용량...,사용가능매장 알콘 워터클럽 EVENT ! 2026.07.01 ~ 2026.07.31 1️⃣ 무료 샘플 체험 EVENT 워터클럽 가입만해도 무료 샘플 10알 증정 ! (5일분) (워터렌즈 토탈원 근시/난시) / (프리시전원 근시/난시)...,https://blog.naver.com/top50motgol/224346376838,naver_blog_api,알콘 프리시전원 안경원,대연동 안경점❤️으뜸50안경 부산못골점,2026-07-20T11:46:39+09:00,1,1,0,0
2026-07,2026-07-14,6,1,1,1,미분류,알콘,프로모션,"원주 안경 으뜸플러스안경 원주무실점, 남편 안경 맞추고...","콘택트렌즈 반값 세일 바슈롬 소프렌 원데이(120P), 알콘 프리시전원(90P), 아큐브 오아시스 2주용(12P) 등... 콘택트렌즈가 반값이라 렌즈 끼시는 분들은 무조건 쟁여두셔야 할 것 같아요! 행사 가격을 보고 나니...",https://blog.naver.com/lee88825/224346214814,naver_blog_api,바슈롬 렌즈 행사,볕방맘의 일상 이야기,2026-07-20T11:46:39+09:00,1,1,0,0
2026-07,2026-07-14,6,1,1,1,미분류,알콘,프로모션,돋보기 맞추러 오신 손님. 화곡역 7번 출구 안경메신저에...,투명렌즈 #알콘 #아큐브 #바슈롬 #쿠퍼비젼 #도수없는안경 #패션안경 #메가박스건너편안경 #보호안경... 원플원#행사안경 저희 블로그 글을 읽고 저와 다른 생각을 가지신 분은 댓글 남겨주세요.손에 많은...,https://blog.naver.com/2696089/224345450107,naver_blog_api,바슈롬 렌즈 행사,안경메신저(OK안경공장),2026-07-20T11:46:39+09:00,1,1,0,0
2026-07,2026-07-14,6,1,1,1,부산,알콘,게시글,으뜸50안경 수영점 알콘 토탈원 프리시전 대용량(5천원/4천원)...,"부산 수영역 안경원 으뜸50안경 수영점입니다 동백전,고유가지원금,민생지원금 다자녀지원금... 알콘 토탈원/프리시전 대용량 제품을 구매후 큐알코드를 찍는다! 3.화면이 뜨면 카카오톡으로...",https://blog.naver.com/top50su0/224346024540,naver_blog_api,알콘 프리시전원 안경원,으뜸50안경 수영점의 블로그,2026-07-20T11:46:39+09:00,1,1,0,0
2026-07,2026-07-14,6,1,1,1,미분류,바슈롬,체험/증정,파주 안경ㅣ으뜸플러스안경 파주한울마을점ㅣ운정 저렴한...,받아보는 단독 추가증정 프로모션까지 매달 공개되는 이달의 콘택트렌즈 가격 꼭 확인해보세요! 으뜸플러스안경 파주한울마을점 네이버 영수증 리뷰 EVENT 영수증 리뷰 이벤트 참여해서 혜택 꼭...,https://blog.naver.com/dnfhd7477/224345855846,naver_blog_api,바슈롬 콘택트렌즈 이벤트,우엥 일상,2026-07-20T11:46:39+09:00,1,0,0,1
2026-07,2026-07-13,7,1,1,1,미분류,알콘,프로모션,화성 남양 안경점 다초점 안경 부담 적었던 글라스스토리 후기,"게다가 아큐브, 알콘 등 유명한 원데이 렌즈들도 최저가로 판매 중이더라고요! 렌즈 유목민 분들 여기... 그런데 지금 오픈 특별 행사로 국산 고급 안경테에 누진다초점 렌즈까지 다 합쳐서 99,000원부터 가능한...",https://blog.naver.com/bibitravel/224345535674,naver_blog_api,알콘 렌즈 행사,제이삐삐,2026-07-20T11:46:39+09:00,1,1,0,0
2026-07,2026-07-13,7,1,1,1,미분류,바슈롬,프로모션,이수역 안경 지하1층 매장의 매력 으뜸플러스 거품없어,"렌즈도 해당됩니다. 블루라이트와 빛 번짐 감소 기능이 적용된 렌즈로 1.60 두 번 압축은 24,000원, 1.67 세 번 압축은 32,000원이었습니다. 콘택트렌즈 품목 및 정보 콘택트렌즈는 언제나 집에 필요한 법. 바슈롬...",https://blog.naver.com/dodohyeyoun/224345415936,naver_blog_api,바슈롬 콘택트렌즈 이벤트,내 멋대로 쓰는 블로그,2026-07-20T11:46:39+09:00,1,0,0,1
2026-07,2026-07-13,7,1,1,1,미분류,알콘,프로모션,동탄역안경 친절한 상담과 빠른 당일 수령 가능한 다비치안경,개인 맞춤형 누진렌즈는 국산 4만 9천원~ 수입 9만 9천원~ 아큐브·바슈롬·쿠퍼비전·알콘 팩렌즈는 최대 50~65% 할인 행사도 진행 중입니다 모든 제품은 자유롭게 착용이 가능해 얼굴형에 잘 어울리는 제품...,https://blog.naver.com/qqaawwss123/224345448669,naver_blog_api,바슈롬 렌즈 행사,지나간 순간들,2026-07-20T11:46:39+09:00,1,1,0,0
2026-07,2026-07-13,7,1,1,1,미분류,알콘,프로모션,성남 안경점 추천 할인 으뜸플러스안경 성남산성역점 렌즈,"이벤트 행사도 많아서 정말 저렴한 가격으로 퀄리티 높은 안경, 선글라스, 렌즈 구입 가능합니다. 혹시... 원래는 평소에 쓰던 알콘 워터렌즈 구입하려다 원데이는 가격이 부담되고 먼슬리는 관리가 어려울 것...",https://blog.naver.com/minzuria/224345346297,naver_blog_api,알콘 렌즈 행사,1시간 전,2026-07-20T11:46:39+09:00,1,1,0,0
2026-07,2026-07-13,7,1,1,1,미분류,알콘,프로모션,"가벼운 동글이 티타늄 안경, 미국에서 오신 손님. 옛날부터 찐...",투명렌즈 #알콘 #아큐브 #바슈롬 #쿠퍼비젼 #도수없는안경 #패션안경 #메가박스건너편안경 #보호안경... 원플원#행사안경 저희 블로그 글을 읽고 저와 다른 생각을 가지신 분은 댓글 남겨주세요.손에 많은...,https://blog.naver.com/2696089/224345195321,naver_blog_api,바슈롬 렌즈 행사,안경메신저(OK안경공장),2026-07-20T11:46:39+09:00,1,1,0,0
2026-07,2026-07-13,7,1,1,1,미분류,알콘,프로모션,더운 여름을 시원하게 만들어줄 세일! 으뜸플러스 고양행신점,저희 인스타그램에서 으뜸플러스 행사 이벤트를 빠르게 확인하실 수 있으니 함께 소통해요ㅎㅎ... 고양시렌즈#고양행신동아큐브#고양행신동바슈롬#고양행신동인터로조#고양행신동미광#고양행신동알콘...,https://blog.naver.com/kbmlst70/224333284500,naver_blog_api,바슈롬 렌즈 행사,으뜸플러스고양행신점,2026-07-20T11:46:39+09:00,1,1,0,0
2026-07,2026-07-13,7,1,1,1,미분류,알콘,프로모션,[EVENT] 안동 안경 아이젠안경 SUMMER 특별 할인전 (변색...,"한달 등 아큐브,알콘,쿠퍼비전 90P 렌즈 특별할인 https://blog.naver.com/eyezen2006/224310453587 네이버 알림 동의한 고객에겐 5,000원 할인 쿠폰 발행중입니다. 다양한 행사 소식과 혜택을 받으 실수 있습니다.",https://blog.naver.com/eyezen2006/224345052620,naver_blog_api,알콘 렌즈 행사,안동 아이젠 안경,2026-07-20T11:46:39+09:00,1,1,0,0
2026-07,2026-07-13,7,1,1,1,미분류,알콘,프로모션,의정부 민락동 팩렌즈 할인 아큐브 바슈롬 특가 안경공장 나들이,"팩렌즈 할인 행사를 준비했습니다. 의정부 민락동 및 민락2지구에서 렌즈를 가장 알뜰하고 가성비... 알콘, 바슈롬, 쿠퍼비전, 인터로조까지 다양한 브랜드의 콘택트 렌즈는 물론 기본적인 시력 교정용...",https://blog.naver.com/seatzz/224345006322,naver_blog_api,바슈롬 렌즈 행사,안경공장 나들이 금오점/민락점,2026-07-20T11:46:39+09:00,1,1,0,0
2026-07,2026-07-13,7,1,1,1,미분류,알콘,프로모션,누진다초점 적응이 안 된다면? 렌즈 문제가 아닐 수도 있습니다,+ 정품 품질 보증카드 발급 ▼▼▼▼▼▼▼ 매달 놀라운 할인 콘택트렌즈 가격표 공개! 이번달... 포항다초첨렌즈 #포항다초점 #포항아큐브포항 #포항바슈롬 #포항인터로조 #포항미광 #포항알콘 #포항쿠퍼비전...,https://blog.naver.com/tall0201/224345001313,naver_blog_api,바슈롬 콘택트렌즈 이벤트,으뜸플러스안경 포항오천점,2026-07-20T11:46:39+09:00,1,1,0,0
2026-07,2026-07-13,7,1,1,1,대전,알콘,체험/증정,알콘 워터클럽 가입하고 샘플... (대전 가수원동 으뜸50안경원),"원터렌즈 근시, 난시 또는 프리시전원 근시,난시 중에서 체험을 원하는 제품을 선택하고 정보를 입력합니다. (난시는 180축만 가능) 신청한 내역과 안경원 확인 워터클럽 런칭 기념! 알콘 렌즈 체험신청...",https://blog.naver.com/kara05010301/224344996179,naver_blog_api,알콘 프리시전원 안경원,안경30년,2026-07-20T11:46:39+09:00,1,1,0,0
2026-07,2026-07-13,7,1,1,1,미분류,알콘,프로모션,"30렌즈 렌즈직구 택배 후기, 렌즈배송 3일 만에 총알배송...","렌즈 종류도 많고 웬만한 도수는 다 있다 30렌즈에는 알콘뿐 아니라 아큐브, 쿠퍼비전, 클라렌, 바슈롬... 알콘워터렌즈 #데일리스토탈원 #워터렌즈 #원데이렌즈 #렌즈대용량 #렌즈직구사이트 #콘택트렌즈",https://blog.naver.com/jwe671/224344994737,naver_blog_api,바슈롬 콘택트렌즈 이벤트,파워잡블로그가 꿈인 개잡리뷰어 직장인블로거,2026-07-20T11:46:39+09:00,1,1,0,0
2026-07,2026-07-13,7,1,1,1,부산,쿠퍼,프로모션,으뜸플러스안경부산센텀점쿠퍼비전 바이오피니티 근시 난시 3...,"권장소비자가 268,000원 으뜸+행사가 ""105,000원"" 쿠퍼비전 바이오피니티 1개월용 난시 6P 3팩 구매시... 부산센텀다초점렌즈 #부산센텀다초점 #부산센텀아큐브 #부산센텀바슈롬 #부산센텀인터로조...",https://blog.naver.com/topplusbcc/224344915811,naver_blog_api,바슈롬 렌즈 행사,으뜸플러스안경부산센텀점,2026-07-20T11:46:39+09:00,1,0,1,0
2026-07,2026-07-13,7,1,1,1,미분류,바슈롬,프로모션,상일동 안경 으뜸플러스안경 상일동역점 거품 걷어낸...,"홈페이지를 방문해 보니 3가지 컨셉의 행사를 하는데 EVENT 01 | 자외선으로부터 내 눈을 지키자! 여름... 67 (세번 압축 양쪽) → 32,000원 EVENT 03 | 콘택트렌즈도 으뜸플러스에서 시원하게 반값! ✔ 바슈롬 소프렌...",https://blog.naver.com/camper111/224343346810,naver_blog_api,바슈롬 렌즈 행사,"캠핑과 여행, 레저 이야기",2026-07-20T11:46:39+09:00,0,0,0,1
2026-07,2026-07-20,0,1,1,1,미분류,쿠퍼,프로모션,다산안경/가성비 끝판왕! 페이스온 베타티타늄 안경테...,카카오톡 1:1 문의 (카카오톡 친구 추가 하고 '매달+시즌별' 진행되는 이벤트 혜택을 구독해 보세요!)... 남양주다산쿠퍼비전 #남양주다산원데이렌즈 #남양주다산대용량렌즈 #남양주다산으뜸안경...,https://blog.naver.com/topplusdn/224341263379,naver_blog_api,쿠퍼렌즈 이벤트,으뜸플러스안경 남양주도농역점,2026-07-20T11:46:39+09:00,1,0,1,0
2026-07,2026-07-19,1,1,1,1,미분류,쿠퍼,프로모션,"다산안경/우리 아이 첫 안경, 안전하고 예쁜 '위키즈(WeKiz)...",카카오톡 1:1 문의 (카카오톡 친구 추가 하고 '매달+시즌별' 진행되는 이벤트 혜택을 구독해 보세요!)... 남양주다산쿠퍼비전 #남양주다산원데이렌즈 #남양주다산대용량렌즈 #남양주다산으뜸안경...,https://blog.naver.com/topplusdn/224340175718,naver_blog_api,쿠퍼렌즈 이벤트,으뜸플러스안경 남양주도농역점,2026-07-20T11:46:39+09:00,1,0,1,0
2026-07,2026-07-18,2,1,1,1,서울,알콘,프로모션,20만원대 안경테가 5만원대?가볍고 예쁜 '제트트라이(ZTRY)...,할인 콘택트렌즈 가격표 공개! 이번달 콘택트렌즈 으뜸특가 할인율 확인하시고 더+ 저렴하게... 다초첨렌즈 #다초점 #아큐브 #바슈롬 #인터로조 #미광 #알콘 #쿠퍼비전 #원데이렌즈 #대용량렌즈 #으뜸안경...,https://blog.naver.com/an_crooge_k/224350419481,naver_blog_api,바슈롬 콘택트렌즈 이벤트,으뜸플러스안경서울신길뉴타운점,2026-07-20T11:46:39+09:00,1,1,0,0
2026-07,2026-07-18,2,1,1,1,미분류,쿠퍼,프로모션,다산안경/가볍고 편안한 '페이스온(FACE ON) 울템 안경테...,카카오톡 1:1 문의 (카카오톡 친구 추가 하고 '매달+시즌별' 진행되는 이벤트 혜택을 구독해 보세요!)... 남양주다산쿠퍼비전 #남양주다산원데이렌즈 #남양주다산대용량렌즈 #남양주다산으뜸안경...,https://blog.naver.com/topplusdn/224338935826,naver_blog_api,쿠퍼렌즈 이벤트,으뜸플러스안경 남양주도농역점,2026-07-20T11:46:39+09:00,1,0,1,0
2026-07,2026-07-17,3,1,1,1,미분류,쿠퍼,프로모션,"다산안경/가볍고 트렌디한 가성비 끝판왕, 플러스라이트...",카카오톡 1:1 문의 (카카오톡 친구 추가 하고 '매달+시즌별' 진행되는 이벤트 혜택을 구독해 보세요!)... 남양주다산쿠퍼비전 #남양주다산원데이렌즈 #남양주다산대용량렌즈 #남양주다산으뜸안경...,https://blog.naver.com/topplusdn/224337845325,naver_blog_api,쿠퍼렌즈 이벤트,으뜸플러스안경 남양주도농역점,2026-07-20T11:46:39+09:00,1,0,1,0
2026-07,2026-07-16,4,1,1,1,미분류,쿠퍼,프로모션,다산안경/가성비와 퀄리티를 동시에! 험머(HOOM) 하금테...,카카오톡 1:1 문의 (카카오톡 친구 추가 하고 '매달+시즌별' 진행되는 이벤트 혜택을 구독해 보세요!)... 남양주다산쿠퍼비전 #남양주다산원데이렌즈 #남양주다산대용량렌즈 #남양주다산으뜸안경...,https://blog.naver.com/topplusdn/224336078480,naver_blog_api,쿠퍼렌즈 이벤트,으뜸플러스안경 남양주도농역점,2026-07-20T11:46:39+09:00,1,0,1,0
2026-07,2026-07-15,5,1,1,1,광주,쿠퍼,프로모션,운남동안경 깔끔하고 고급스러운 분위기의 크라운판토형...,강력해진 프로모션까지 운남동에서 저렴한 가격으로 유명한 안경점 으뜸플러스안경 광주운남점에서... 광주쿠퍼비전 #광주원데이렌즈 #광주대용량렌즈 #광주으뜸안경 #광주으뜸플러스안경 #으뜸안경...,https://blog.naver.com/jbh8874/224347527970,naver_blog_api,쿠퍼렌즈 프로모션,으뜸플러스안경 광주운남점,2026-07-20T11:46:39+09:00,1,0,1,0
2026-07,2026-07-15,5,1,1,1,미분류,알콘,프로모션,오목교안경점 :: 트렌디한 긱시크 오벌형 안경테 / 가벼운...,완료️ +변색렌즈 추가할인 ▼ ▼ ▼ ▼ ▼ ▼ ▼ ▼ 이달의 7월 콘택트렌즈 가격표 공개! 콘택트렌즈... 아큐브원데이렌즈 #바슈롬울트라원데이 #알콘워터렌즈 #알콘프리시전원 #써클렌즈 #바슈롬레이셀...,https://blog.naver.com/topplusomokgyo/224347378240,naver_blog_api,바슈롬 콘택트렌즈 이벤트,으뜸플러스안경 오목교역점,2026-07-20T11:46:39+09:00,1,1,0,0
2026-07,2026-07-15,5,1,1,1,미분류,쿠퍼,프로모션,"다산안경/가볍고 트렌디한 티타늄 안경테, '셀렉토(SELECTO)...",카카오톡 1:1 문의 (카카오톡 친구 추가 하고 '매달+시즌별' 진행되는 이벤트 혜택을 구독해 보세요!)... 남양주다산쿠퍼비전 #남양주다산원데이렌즈 #남양주다산대용량렌즈 #남양주다산으뜸안경...,https://blog.naver.com/topplusdn/224335092100,naver_blog_api,쿠퍼렌즈 이벤트,으뜸플러스안경 남양주도농역점,2026-07-20T11:46:39+09:00,1,0,1,0
2026-07,2026-07-14,6,1,1,1,미분류,쿠퍼,프로모션,다산안경/고오프 안경,카카오톡 1:1 문의 (카카오톡 친구 추가 하고 '매달+시즌별' 진행되는 이벤트 혜택을 구독해 보세요!)... 남양주다산쿠퍼비전 #남양주다산원데이렌즈 #남양주다산대용량렌즈 #남양주다산으뜸안경...,https://blog.naver.com/topplusdn/224334161744,naver_blog_api,쿠퍼렌즈 이벤트,으뜸플러스안경 남양주도농역점,2026-07-20T11:46:39+09:00,1,0,1,0
2026-07,2026-07-13,7,1,1,1,광주,알콘,체험/증정,광주안경 다비치안경 광주첨단점 친절하고 정확한 시력검사로...,"입구에는 영수증 리뷰 이벤트와 사은품 코너도 마련되어 있었습니다. 1만원 코너부터 9만원 코너까지... 2층은 콘택트렌즈 피팅센터로, 인기 렌즈가 종류별로 진열돼 있었어요. 아큐브, 바슈롬, 쿠퍼비전, 알콘...",https://blog.naver.com/wlgus7368/224345507518,naver_blog_api,바슈롬 콘택트렌즈 이벤트,밍똘,2026-07-20T11:46:39+09:00,1,1,0,0
2026-07,2026-07-13,7,1,1,1,미분류,알콘,프로모션,오산 으뜸안경아울렛 세교 도매가 안경점 후기!...,"올라가고 렌즈까지 하면 금액이 훌쩍 올라갔어요 그런데 오산으뜸안경은 종류도 많고 가격도... 오산 으뜸안경아울렛에서는 안경뿐만 아니라 콘택트렌즈 이벤트도 진행하고 있어요! 아큐브, 알콘, 바슈롬...",https://blog.naver.com/hyok_s2/224345328962,naver_blog_api,바슈롬 콘택트렌즈 이벤트,먹짱 하이오키의 새댁 일상,2026-07-20T11:46:39+09:00,1,1,0,0
2026-07,2026-07-13,7,1,1,1,미분류,바슈롬,프로모션,"목동 안경원, 저렴한 으뜸50안경 목동파리공원점 안경 가격...","팩 렌즈 유저분들에게도 여기가 성지인 게 으뜸50안경 콘택트렌즈 항목 중에는 1+1 이나 1+2 로 대박 이벤트를 진행하는 항목들이 많아서 가성비가 진짜 최고예요!! 기본 콘택트렌즈 브랜드도 아큐브, 바슈롬...",https://blog.naver.com/wertday22/224345213059,naver_blog_api,바슈롬 콘택트렌즈 이벤트,부히힛,2026-07-20T11:46:39+09:00,1,0,0,1
2026-07,2026-07-13,7,1,1,1,대구,알콘,프로모션,무더운여름 으뜸+대구청라언덕점에서시원한 세일 찬스...,저희 으뜸플러스대구청라언덕점에서 할인이벤트 진행중인 것 다들 알고 계시죠? 다양한 제품을 저렴한... 알콘 #쿠퍼비전 #원데이렌즈 #대용량렌즈 #으뜸안경 #으뜸플러스안경 #으뜸안경 #으뜸플러스안경...,https://blog.naver.com/kunsang3/224345149608,naver_blog_api,쿠퍼렌즈 이벤트,으뜸플러스안경 대구청라언덕점,2026-07-20T11:46:39+09:00,1,1,0,0
2026-07,2026-07-13,7,1,1,1,미분류,알콘,프로모션,의정부 알콘 워터클럽 혜택 으뜸50안경 회룡점 가입,5천원 이벤트 토탈원 대용량 102000원 ---> 워터클럽 가입 혜택 --> 97000원 의정부 호원동 회룡역 3번 출구 알콘 전문 할인점 으뜸50안경 회룡점 지정 안경원에 으뜸50안경 회룡점을 선택하시고 할인 혜택 및...,https://blog.naver.com/top50dragon/224345035622,naver_blog_api,알콘 안경원 이벤트,으뜸50안경 회룡점,2026-07-20T11:46:39+09:00,1,1,0,0
2026-07,2026-07-16,4,1,1,1,미분류,알콘,신제품,알콘 신제품! 프리시전7(PRECISION7) 출시! 일주일용 렌즈의...,많은 분들이 문의 주셨던 알콘 프리시전7(PRECISION7) 제품이 케이비젼안경원 서창2지구점에도 곧 입점 예정입니다. 입고되는 즉시 ✔ 도수 상담 ✔ 착용 상담 ✔ 기존 렌즈와의 비교 상담 까지 도와드릴...,https://blog.naver.com/kvisionsc/224347477097,naver_blog_api,알콘 프리시전원 안경원,K비젼안경 서창2지구점,2026-07-20T11:46:39+09:00,1,1,0,0
2026-07,2026-07-16,4,1,1,1,미분류,알콘,프로모션,알콘프리시전원 투명렌즈가격 할인하는 곳,"알콘프리시전원 투명렌즈가격 할인하는 곳은 바로 여기! ‘우리동네안경원’ 우리동네안경원에서는 분당점을 포함해서 남대문본점, 강서점, 가산점, 명동점 이렇게 다섯 개의 매장으로 이루어져 있어요...",https://blog.naver.com/dendendo/224348235065,naver_blog_api,알콘 프리시전원 안경원,콘택트렌즈,2026-07-20T11:46:39+09:00,1,1,0,0
2026-07,2026-07-15,5,1,1,1,미분류,쿠퍼,체험/증정,주엽안경 7월 한달 콘택트렌즈 끝장 가격과 단독!프로모션까지...,"증정 쿠퍼비전 바이오피니티 한달용렌즈 3팩 구매시 + 1팩 증정 [컬러렌즈] 바슈롬 네츄렐,레이셀... 수준 안경원 입니다. 초발수 안경렌즈 6천원부터~ 블루라이트 차단렌즈 13,000원 부터~ 거품없는...",https://blog.naver.com/plusjuyeop/224332848559,naver_blog_api,쿠퍼 바이오피니티 안경원,으뜸플러스일산주엽점,2026-07-20T11:46:39+09:00,1,0,1,0
2026-07,2026-07-14,6,1,1,1,광주,알콘,프로모션,"여름 프로모션 안내! 선글라스 도수제작, 변색렌즈! 여름에 꼭...","바슈롬 소프렌 원데이 120P → 55,000원 알콘 프리시전원 원데이 90P → 75,000원 아큐브 오아시스 2주용... 으뜸플러스안경원으로 오세요 :) *프로모션은 2026.7.1~8.31 (월간 특가, 단 기간 상이할 수 있음)...",https://blog.naver.com/opticalplus/224346298730,naver_blog_api,알콘 프리시전원 안경원,으뜸플러스안경 광주충장로점,2026-07-20T11:46:39+09:00,1,1,0,0
2026-07,2026-07-13,7,1,1,1,미분류,알콘,게시글,[용인안경] 알콘 멤버십 워터클럽 입장 시작!!/ 으뜸50안경...,"받아가세요~^^ ★7월 알콘 토탈원 가격★ 데일리스 토탈원90P 102,000원 프리시전 원 90P 75,000원... 동백안경원 #기흥구안경 #콘택트렌즈 #패션안경 #네이버평점 #죽전안경 #2층안경원 #김안경 #김선생...",https://blog.naver.com/top50dongback/224345367406,naver_blog_api,알콘 프리시전원 안경원,으뜸50안경 용인동백점,2026-07-20T11:46:39+09:00,1,1,0,0
2026-07,2026-07-20,0,1,1,1,미분류,쿠퍼,체험/증정,추천드리는 '쿠퍼비전 마이데이 원데이' 으뜸+안경에서 혜택...,"알려드리겠습니다 마이데이원데이는 쿠퍼비전의 ""프리미엄 원데이"" 렌즈입니다. 실리콘 소재로... 7월 1일부터 ~ 8월 31일까지 진행되는 추가증정이벤트 마이데이 근시 30P 권장소비자가격 55,000원...",https://blog.naver.com/bohunjinin/224351813370,naver_blog_api,쿠퍼 마이데이 이벤트,으뜸플러스안경 김해외동점,2026-07-20T11:46:39+09:00,1,0,1,0
2026-07,2026-07-20,0,1,1,1,미분류,쿠퍼,체험/증정,포항안경점 쿠퍼비전 3+1 이번 프로모션을 놓치지 마세요!,"2026년 7월 1일부터 8월 31일까지 더욱 강화된 3+1 이벤트가 진행됩니다. 기존 멤버십은 소용량 구매... 증정 ■ 마이데이 원데이 30P 근시 34,000원 난시 39,000원 90P 근시 90,000원 난시 103,000원 ▶ 90P 구매 시...",https://blog.naver.com/eyewearmade/224351665619,naver_blog_api,쿠퍼 마이데이 이벤트,포항안경 다비치안경&보청기 포항원동점 292-5531,2026-07-20T11:46:39+09:00,1,0,1,0
2026-07,2026-07-19,1,1,1,1,미분류,쿠퍼,체험/증정,(충주안경) 안경/렌즈 맞출 때 필수 확인! 7월 다비치...,"쿠퍼비전 3+1, 다비치 투명렌즈 및 스웰링 컬러렌즈 1+1, 라이트시리즈 3쌍 9,900원 등 역대급 렌즈 행사와 하나투어 여행상품권 증정 이벤트가 동시에 진행 중입니다. 다양한 할인 프로모션이 적용된 알뜰한...",https://blog.naver.com/pprr50/224350847261,naver_blog_api,쿠퍼렌즈 프로모션,다비치안경 충주건대병원사거리점,2026-07-20T11:46:39+09:00,1,0,1,0
2026-07,2026-07-18,2,1,1,1,미분류,쿠퍼,체험/증정,쿠퍼비전 콘택트렌즈 7월 가격 인상! 구매 계획이라면 지금 꼭...,"증정 이벤트를 통해 고객님의 부담을 줄여드리고 있습니다. 렌즈는 가격보다 눈 건강이 더... 특히 바이오피니티, 마이데이, 클래리티 등 쿠퍼비전 제품은 종류가 다양하기 때문에 전문가와 상담 후...",https://blog.naver.com/greatpbc1204/224350423836,naver_blog_api,쿠퍼 마이데이 이벤트,다비치안경_청주사창사거리점,2026-07-20T11:46:39+09:00,1,0,1,0
2026-07,2026-07-18,2,1,1,1,미분류,쿠퍼,프로모션,신제품 마이데이 멀티포컬 입접 '오직 다비치에서만',"오늘은 오직 다비치에서 선 런칭 중인 '마이데이 멀티포컬' 입점이 완료 되어서 안내 시작할게요 7월 달에는 쿠퍼비전 멤버십 신규 가입자 한 정 1+1 이벤트도 받아 보실 수 있어요!! 2팩에 45,000원으로 받아...",https://blog.naver.com/forever1600/224350344254,naver_blog_api,쿠퍼 마이데이 이벤트,다비치안경 경주중앙로점,2026-07-20T11:46:39+09:00,1,0,1,0
2026-07,2026-07-18,2,1,1,1,미분류,쿠퍼,체험/증정,일산대화점 단독행사!! 쿠퍼비전 전제품 추가증정!!,"일산대화점에서만 만나볼 수 있는 단독 추가증정이벤트!! 쿠퍼비전 마이데이 원데이 근시용 90P 권장소비자 가격 140,000원 -> 으뜸+ 가격 90,000 근시용 30P 권장소비자 가격 55,000원 -> 으뜸+ 가격 34...",https://blog.naver.com/topdaehwa/224350261002,naver_blog_api,쿠퍼 마이데이 이벤트,으뜸플러스안경 일산대화점,2026-07-20T11:46:39+09:00,1,0,1,0
2026-07,2026-07-18,2,1,1,1,미분류,쿠퍼,프로모션,원주 단계동 쿠퍼비전 클래리티·마이데이 3팩 구매시 1팩 더,"#쿠퍼비전 #원주렌즈싼곳 #다비치안경원주AK프라자앞점 안녕하세요, 다비치안경... ✨ 배너 클릭 시 이벤트 자세히 보기 ▶ 행사 품목 ✔ 클래리티 근시·난시 원데이 (30P/90P) ✔ 마이데이 근시·난시...",https://blog.naver.com/davichwonju/224350211760,naver_blog_api,쿠퍼 마이데이 이벤트,다비치안경 원주AK프라자앞점,2026-07-20T11:46:39+09:00,1,0,1,0
2026-07,2026-07-18,2,1,1,1,울산,쿠퍼,프로모션,[울산렌즈] 쿠퍼비전 원데이/한달용 투명렌즈 3+1,합니다 쿠퍼비전의 제품은 가성비와 촉촉한 착용감으로 인해 꾸준히 찾아주시는 고객님들이 많으신데요 고객님들을 우ㅣ한 이벤트를 가지고 왔습니다 ☆*: .｡. o(≧▽≦)o .｡.:*☆ 특히나 원데이 렌즈 같은...,https://blog.naver.com/davichulsan_/224350199252,naver_blog_api,쿠퍼렌즈 이벤트,davichulsan_님의 블로그,2026-07-20T11:46:39+09:00,1,0,1,0
2026-07,2026-07-18,2,1,1,1,부산,알콘,프로모션,화명동 렌즈 할인｜아큐브 오아시스 원데이 90+30 이벤트! 총...,"90+30 이벤트로 총 210개 렌즈를 한 번에 준비할 수 있는 특별한 기회 매일 콘택트렌즈를 착용하시는... 화명동 렌즈 전문점 으뜸플러스안경 부산화명점 아큐브, 알콘, 바슈롬, 쿠퍼비전 등 다양한 콘택트렌즈를...",https://blog.naver.com/plus_hm/224350175951,naver_blog_api,바슈롬 콘택트렌즈 이벤트,으뜸플러스안경 부산화명점,2026-07-20T11:46:39+09:00,1,1,0,0
2026-07,2026-07-18,2,1,1,1,미분류,쿠퍼,체험/증정,[쿠퍼비전 행사 안내] 7월 행사 안내,쿠퍼비전 클래리티 마이데이 원데이 근시 대용량(90p) 1팩 구입시 30p 1팩 추가 증정 ! 3. 바이오피니티 (근시/난시) 3팩 구매시 1팩 추가 증정 ! 7월1일 ~ 8월31일 (소진시 조기종료) 한정 이벤트로 재고...,https://blog.naver.com/theglass_gimpo/224350093623,naver_blog_api,쿠퍼 마이데이 이벤트,더글라스안경 김포풍무역점,2026-07-20T11:46:39+09:00,1,0,1,0
2026-07,2026-07-18,2,1,1,1,미분류,알콘,체험/증정,"고유가 피해지원금으로 아큐브 오아시스 맥스 108,000원 +40p...",[중랑구/사가정역 렌즈] 아큐브 오아시스 맥스 원데이 역대급 최저가 할인 & 증정 이벤트! (feat.... 중랑구으뜸 #중랑구렌즈 #사가정안경 #사가정아큐브 #사가정알콘 #사가정쿠퍼비젼 #사가정바슈롬,https://blog.naver.com/sagajungtop50/224350081738,naver_blog_api,쿠퍼렌즈 이벤트,사가정에서 제일 싸게파는 곳 사가정 으뜸50안경,2026-07-20T11:46:39+09:00,1,1,0,0
2026-07,2026-07-18,2,1,1,1,미분류,알콘,프로모션,[홍대안경] 으뜸50안경 홍대2호점 l 안경테가 5000원부터!...,"아큐브 원데이, 오아시스, 비타, 바슈롬, 알콘, 쿠퍼비전 등 다양한 브랜드의 콘텍트 렌즈 뿐만 아니라... 콘텍트렌즈 1+1, 영수증 리뷰시 콘텍트 렌즈 서비스까지! 어느하나 놓칠 수 없는 이벤트들이 진행하고...",https://blog.naver.com/woo-yeah/224348444834,naver_blog_api,쿠퍼렌즈 이벤트,혼자서도 잘해요,2026-07-20T11:46:39+09:00,1,1,0,0
2026-07,2026-07-17,3,1,1,1,광주,쿠퍼,프로모션,[다비치안경 광주진월동점] 쿠퍼비전 3+1 이벤트,"안녕하세요 다비치안경 광주진월동점입니다 오늘은 쿠퍼비전 이벤트를 소개해 드리고자 합니다~! 쿠퍼비전 원데이 렌즈로는 가성비좋은 클래리티가 있고, 촉촉한 마이데이 제품이 있습니다! 그리고...",https://blog.naver.com/dvcjin260/224349566046,naver_blog_api,쿠퍼 마이데이 이벤트,다비치안경 광주진월동점,2026-07-20T11:46:39+09:00,1,0,1,0
2026-07,2026-07-17,3,1,1,1,미분류,쿠퍼,체험/증정,"26년 7월,8월 쿠퍼비전 클래리티/마이데이/바이오피니티...","[ 대용량 90P + 30P 추가 혜택 ] 대상 제품: 클래리티(원데이) / 마이데이(원데이) 혜택 내용: 대용량(90P) 한 팩 구매 시, 30P를 추가로 더 증정해 드립니다. (총 120P) 필독 안내 본 이벤트는 준비된 행사 수량 소진...",https://blog.naver.com/angnara-jw/224349531549,naver_blog_api,쿠퍼 마이데이 이벤트,안경나라 진월점,2026-07-20T11:46:39+09:00,1,0,1,0
2026-07,2026-07-17,3,1,1,1,미분류,쿠퍼,프로모션,콘택트렌즈 사면 안경테·렌즈 10% 할인! 다비치안경...,"시그니처 이벤트, '눈눈혜택'이 기존보다 훨씬 더 넓은 혜택 범위로 업그레이드되어 다시 시작되었습니다! 무엇이 달라졌을까요? 기존: 쿠퍼비전 콘택트렌즈 구매 고객만 참여 가능 변경 후: 종류 불문!...",https://blog.naver.com/davich_yis/224349505900,naver_blog_api,쿠퍼렌즈 이벤트,다비치 용인사거리점 블로그,2026-07-20T11:46:39+09:00,1,0,1,0
2026-07,2026-07-17,3,1,1,1,미분류,쿠퍼,프로모션,(충주렌즈) 쿠퍼비전 렌즈 역대급 혜택 총정리! 마이데이...,다비치안경충주건대병원사거리점 #쿠퍼비전 #마이데이 #클래리티 #바이오피니티 #바이오피니티난시 #바이오피니티에너지스 #마이데이멀티포컬 #원데이렌즈추천 #렌즈할인 #렌즈이벤트 #충주멀티포컬...,https://blog.naver.com/pprr50/224349465245,naver_blog_api,쿠퍼 마이데이 이벤트,다비치안경 충주건대병원사거리점,2026-07-20T11:46:39+09:00,1,0,1,0
2026-07,2026-07-17,3,1,1,1,미분류,쿠퍼,프로모션,"[사천안경]""눈눈혜택"" 프로모션","쿠퍼비전 마이데이 X 선글라스 프로모션 렌즈 사고 선글라스도 챙기고 선글라스 사고 렌즈... 이점 참고해 주시기 바랍니다:) 행사 기간: 2026년 6월 1일 ~ 7월 31일 7~8월 ""눈눈혜택"" 이벤트 7~8월...",https://blog.naver.com/dvc4000/224349277482,naver_blog_api,쿠퍼 마이데이 이벤트,다비치안경 보청기 사천점,2026-07-20T11:46:39+09:00,1,0,1,0
2026-07,2026-07-16,4,1,1,1,광주,쿠퍼,프로모션,[첨단안경] 다비치안경 첨단점✨ 7월 쿠퍼비전 3+1 이벤트 ✨,"이번 여름, 쿠퍼비전에서 기존 멤버십 혜택보다 더욱 업그레이드된 3+1 프로모션을 진행합니다.... 렌즈는 매일 사용하는 제품인 만큼 착용감과 눈 건강을 함께 고려하는 것이 무엇보다 중요합니다. 이번...",https://blog.naver.com/chumdandavich/224348592912,naver_blog_api,쿠퍼렌즈 프로모션,다비치안경 광주첨단점,2026-07-20T11:46:39+09:00,1,0,1,0
2026-07,2026-07-16,4,1,1,1,부산,쿠퍼,체험/증정,부산 화명동 쿠퍼비전 마이데이 90+30 이벤트! 원데이 근시...,"⸻ 부산 화명동 쿠퍼비전 마이데이 대용량 이벤트 마이데이 원데이 근시 90P + 30P 증정 ✔ 총 120P 정상가 195,000원 ➡ 으뜸 할인가 90,000원 ⸻ 마이데이 원데이 근시 30P (3+1) ✔ 총 120P 정상가 220,000원 ➡ 으뜸...",https://blog.naver.com/plus_hm/224348561786,naver_blog_api,쿠퍼 마이데이 이벤트,으뜸플러스안경 부산화명점,2026-07-20T11:46:39+09:00,1,0,1,0
2026-07,2026-07-16,4,1,1,1,미분류,쿠퍼,프로모션,경주렌즈 쿠퍼비전 3+1 혜택을 소개합니다!,* 마이데이(MyDay) 원데이 혜택 산소투과율과 편안한 착용감으로 인기가 많은 마이데이 역시 다양한... 여기에 마이데이 멀티포컬 첫 구매 1+1 이벤트까지 더해져 평소보다 훨씬 부담 없이 렌즈를 준비하실 수...,https://blog.naver.com/gyeongjudavich/224348169877,naver_blog_api,쿠퍼 마이데이 이벤트,다비치안경 경주용황초교점,2026-07-20T11:46:39+09:00,1,0,1,0
2026-07,2026-07-16,4,1,1,1,미분류,쿠퍼,프로모션,"쿠퍼비전 클래리티 원데이 대용량 90+60, 64,000원 3개월...","쿠퍼비전 원데이 대용량은 프로클리어 원데이, 클래리티 원데이 시리즈, 마이데이가 나옵니다. 일단... 다른 쿠퍼비전 원데이 대용량도 다 이벤트가 있습니다. 7월 이벤트를 참고하세요. 대용량 1팩만...",https://blog.naver.com/opticpark/224347766936,naver_blog_api,쿠퍼 마이데이 이벤트,아이아이안경,2026-07-20T11:46:39+09:00,1,0,1,0
2026-07,2026-07-15,5,1,1,1,제주,쿠퍼,프로모션,제주 안경점 추천 다비치안경 일도점 안경부터 투명렌즈까지...,다양한 이벤트가 있어요! 저는 쿠퍼 회사 꺼 투명 소프트렌즈 3팩 구매 후 1팩을 더 받았는데 시력이 너무 떨어져서 배송으로 기다리기로 했다는 슬픈 현실 안경을 바로 맞추는 게 아니라 1차 검사를 진행합니다....,https://blog.naver.com/aasd777/224347902588,naver_blog_api,쿠퍼렌즈 이벤트,Gyurim Pick Diary,2026-07-20T11:46:39+09:00,1,0,1,0
2026-07,2026-07-15,5,1,1,1,인천,쿠퍼,체험/증정,인천렌즈 쿠퍼비전 3+1 프로모션 혜택은?!,"대용량 제품을 구매하면 소용량 1팩을 무료로 증정해드리는 알뜰한 이벤트! * 클래리티 원데이 근시용 대용량 : 58,000원 난시용 대용량 : 79,000원 -> 대용량 1팩 구매 시 소용량 1팩 무료 증정 - 마이데이 원데이...",https://blog.naver.com/davich_songdo/224347249088,naver_blog_api,쿠퍼 마이데이 이벤트,다비치안경 송도월드마크2단지점,2026-07-20T11:46:39+09:00,1,0,1,0
2026-07,2026-07-15,5,1,1,1,서울,쿠퍼,프로모션,"쿠퍼비전 프로클리어 원데이 240개에 102,000원은...","이 글은 쿠퍼비전 프로클리어 원데이 렌즈 할인 이벤트를 소개합니다. 오프라인 & 온라인 오프라인 매장 영업 안내 주소 : 서울 노원구 광운로56 1층 월~토 : 오전 10시 30분~오후 9시 공휴일, 일요일 : 오후 2시...",https://blog.naver.com/opticpark/224346648567,naver_blog_api,쿠퍼렌즈 이벤트,아이아이안경,2026-07-20T11:46:39+09:00,1,0,1,0
2026-07,2026-07-15,5,1,1,1,인천,쿠퍼,프로모션,인천검단렌즈 7월 여름맞이 아큐브 & 쿠퍼비전 특별 혜택은?,◈ 이벤트 참여 방법 행사 참여 전 - 마이 아큐브(APP) 가입 또는 로그인 - 쿠폰 다운로드 만 해주시면 간편하게 참여 가능합니다. ◈ 쿠퍼비전 프로모션도 함께 진행 중! 지난달 많은 고객님들께서...,https://blog.naver.com/geomdan_eye/224347027467,naver_blog_api,쿠퍼 마이데이 이벤트,다비치안경 인천검단신도시점,2026-07-20T11:46:39+09:00,1,0,1,0
2026-07,2026-07-14,6,1,1,1,미분류,쿠퍼,프로모션,"New 마이데이 멀티포컬, 오직... 단독 행사 1+1 이벤트도 함께...",멀티포컬 렌즈로 자유로운 시야 전환을 경험하실 수 있습니다 라이프 스타일은 달라도 선명하고 편안한 쿠퍼비전 마이데이 멀티포컬 ✔ 멀티포컬 디자인 거리별 동공 크기에 맞는 다초점 디자인으로...,https://blog.naver.com/jddavich/224346553509,naver_blog_api,쿠퍼 마이데이 이벤트,다비치안경 좌동점,2026-07-20T11:46:39+09:00,1,0,1,0
2026-07,2026-07-14,6,1,1,1,미분류,쿠퍼,프로모션,"운암동 안경, 글라스온안경 변색렌즈안경 맞추고 왔어요","#운암동안경 글라스온 운암점은 지금 핫 썸머 페스타 이벤트 중이랍니다! ✔ 선글라스 20%할인... ㅎㅎ~ #운암동콘택트렌즈 도 아큐브, 인터로죠, 쿠퍼비젼, 바슈롬, 쿠퍼비젼, 국산렌즈 등등 다양한 제품이...",https://blog.naver.com/eehana121/224346359815,naver_blog_api,바슈롬 콘택트렌즈 이벤트,원쓰.comᰔ,2026-07-20T11:46:39+09:00,1,0,1,0
2026-07,2026-07-14,6,1,1,1,미분류,쿠퍼,프로모션,석사동안경 눈눈혜택 콘택트렌즈 구매하고 안경렌즈·안경테...,다비치안경과 쿠퍼비전이 함께 준비한 '눈눈혜택' 이벤트 기간: 2026년 6월 1일부터 7월 31일까지 이번 눈눈혜택은 아래 제품을 대상으로 진행됩니다. ✔ 판매가 3만원 이상 선글라스 ✔ 쿠퍼비전 마이데이...,https://blog.naver.com/davich4999/224346334074,naver_blog_api,쿠퍼 마이데이 이벤트,다비치안경 춘천/ 퇴계석사점,2026-07-20T11:46:39+09:00,1,0,1,0
2026-07,2026-07-14,6,1,1,1,미분류,알콘,프로모션,운암동 안경 운암동 선글라스 글라스온안경 운암점,"콘텍트 렌즈는 투명 및 컬러렌즈가 있는데 아큐브 마이아큐브 연동 가능하고 알콘 쿠퍼비전, 바슈롭... 하드렌즈는 고난시분들에게 맞춤 렌즈 가능 하다고 해요 이벤트 참여해서 양우산도 받았어요...",https://blog.naver.com/dmstjs876/224346204611,naver_blog_api,쿠퍼렌즈 이벤트,해피해피,2026-07-20T11:46:39+09:00,1,1,0,0
2026-07,2026-07-14,6,1,1,1,미분류,쿠퍼,프로모션,클라렌 오투오투 원데이 블랜딩 로즈 렌즈직구 가격,안녕하세요 ^^ 메이크업 스타일에 변화를 주고 싶어서 새로운 컬러렌즈를 찾고 있었는데요. 드디어 제... 제가 구입한 곳에서는 현재 쿠퍼비전 근시용 대용량 3팩 사면 만원 할인 이벤트랑 같이 여러가지...,https://blog.naver.com/toy8jiij/224345941848,naver_blog_api,쿠퍼렌즈 이벤트,toy8jiij님의 블로그,2026-07-20T11:46:39+09:00,1,0,1,0
2026-07,2026-07-14,6,1,1,1,부산,쿠퍼,체험/증정,지게골역 안경점) 바이오피니티 근시 난시 XR 렌즈 구매 3+1...,"콘택트렌즈 프로모션을 준비했습니다! 콘택트렌즈 유저분들 사이에서 만족도 1위로 손꼽히는 스테디셀러, 쿠퍼비전 바이오피니티 1개월용 렌즈 3+1 파격 증정 이벤트 소식을 지금부터 자세히 소개해...",https://blog.naver.com/1001abcd/224345594293,naver_blog_api,쿠퍼렌즈 프로모션,으뜸플러스안경 부산경성대점,2026-07-20T11:46:39+09:00,1,0,1,0
2026-07,2026-07-13,7,1,1,1,미분류,쿠퍼,프로모션,쿠퍼비전 콘택트렌즈 다비치 최저가가격 변경 및 ✨싸게 사는...,"마지막으로, 마이데이 멀티포컬이 출시되면서 첫 구매 시 1+1 쿠폰 사용 가능합니다! 재구매 시 3+1 쿠폰도 가능하니 구매 시 쿠폰사용여부를 알려드리겠습니다~ 해당 이벤트는 기간은 8월 31일까지...",https://blog.naver.com/davi_westside/224345444760,naver_blog_api,쿠퍼 마이데이 이벤트,다비치 성서점,2026-07-20T11:46:39+09:00,1,0,1,0
2026-07,2026-07-13,7,1,1,1,제주,쿠퍼,체험/증정,[다비치안경 제주일도점]마이데이 멀티포컬렌즈 1+1 이벤트!,마이데이 멀티포컬 제품을 첫 구매하시는 고객님분들께 1+1 이벤트를 진행하고 있습니다! 7월1일부터 8월31일까지 쿠퍼비전 멤버십에 가입하신 고객님이시면 첫 구매시 1+1으로 1팩 증정해드리고...,https://blog.naver.com/jejildo1/224345413411,naver_blog_api,쿠퍼 마이데이 이벤트,다비치안경 일도점,2026-07-20T11:46:39+09:00,1,0,1,0
2026-07,2026-07-13,7,1,1,1,미분류,쿠퍼,프로모션,언양다비치 눈눈혜택 콘택트렌즈 구매하고 안경렌즈·안경테...,시 → 마이데이 10% 할인 (최대 1만 원) ※ 쿠퍼비전 멤버십 혜택 중복 적용 가능 여름철 필수 아이템을 한 번에 준비하기에 부담을 줄일 수 있는 구성이 특징입니다. 7~8월 ‘눈눈혜택’ 이벤트도 함께...,https://blog.naver.com/davjch0810/224345252490,naver_blog_api,쿠퍼 마이데이 이벤트,다비치안경 언양점,2026-07-20T11:46:39+09:00,1,0,1,0
2026-07,2026-07-13,7,1,1,1,미분류,쿠퍼,프로모션,강릉다비치 눈눈혜택 콘택트렌즈 구매하고 안경렌즈·안경테...,시 → 마이데이 10% 할인 (최대 1만 원) ※ 쿠퍼비전 멤버십 혜택 중복 적용 가능 여름철 필수 아이템을 한 번에 준비하기 좋은 구성입니다. 7~8월 ‘눈눈혜택’ 이벤트도 놓칠 수 없죠! 이어지는 ‘눈눈혜택’...,https://blog.naver.com/bbc4398/224345251524,naver_blog_api,쿠퍼 마이데이 이벤트,다비치안경 강릉대학로점 & 옥천오거리점,2026-07-20T11:46:39+09:00,1,0,1,0
2026-07,2026-07-13,7,1,1,1,미분류,쿠퍼,체험/증정,26년 7월 으뜸50안경 이벤트 안내!!,"아큐브 오아시스 , 오아시스 맥스 근시 난시 이벤트. 바슈롬 울트라 원데이 쿠퍼비젼 원데이, 한달용 렌즈 3+1 (90+30) 바슈롬 울트라 한달용 렌즈 1 + 1 (리뉴 추가 증정) 바슈롬 레이셀 컬러렌즈 클라렌...",https://blog.naver.com/top50yt/224345236476,naver_blog_api,바슈롬 울트라 이벤트,으뜸50안경 수원영통점,2026-07-20T11:46:39+09:00,1,0,1,0
2026-07,2026-07-13,7,1,1,1,미분류,쿠퍼,체험/증정,쿠퍼비전 여름 프로모션! 지금 구매하면 추가 증정 혜택까지,용인사거리 다비치점 입니다 오늘은 쿠퍼비전(CooperVision)에서 진행하는 여름 맞이 특별 프로모션을... 이번 행사는 8월달까지 연장 된 이벤트로 마이데이를 구매하신 고객님께는 선글라스 10% 혜택도 함께...,https://blog.naver.com/davich_yis/224345185134,naver_blog_api,쿠퍼 마이데이 이벤트,다비치 용인사거리점 블로그,2026-07-20T11:46:39+09:00,1,0,1,0
2026-07,2026-07-13,7,1,1,1,울산,쿠퍼,체험/증정,7월 다비치안경 호계점 눈눈혜택&쿠퍼비전 증정 프로모션,"위해 쿠퍼비전의 프리미엄 콘택트렌즈 '마이데이'와 다비치의 '선글라스'를 함께 구매하시면 각각 10%를 할인해 드리는 이벤트입니다❗ *각각 최대 할인금액은 1만원이며, 함께 구매 시 선글라스 할인과...",https://blog.naver.com/dvc2600/224345112590,naver_blog_api,쿠퍼 마이데이 이벤트,울산호계다비치안경원,2026-07-20T11:46:39+09:00,1,0,1,0
2026-07,2026-07-13,7,1,1,1,미분류,알콘,체험/증정,다비치 무료 체험 샘플로 받은 알콘 데일리스 토탈원 렌즈 후기,있는 렌즈 개수가 안 맞아서 어쩌다보니 양쪽 렌즈 브랜드가 다르게 쓰고 있습니다. 오른쪽은 쿠퍼비... 무료렌즈이벤트 #다비치무료렌즈이벤트 #알콘렌즈 #정보 #렌즈무료체험 #렌즈무료체험샘플,https://blog.naver.com/soma_log/224345045148,naver_blog_api,쿠퍼렌즈 이벤트,소마의 일상로그,2026-07-20T11:46:39+09:00,1,1,0,0
2026-07,2026-07-13,7,1,1,1,미분류,쿠퍼,프로모션,★ 7월 글라스타 팩렌즈 이벤트 ★,"원데이 컬러 이벤트 후레쉬룩 30+10P 31,000원 레이셀 3+1 (90+30P) 96,000원 클라렌 3+1 (90+30P) 99,000원 쿠퍼비전 클레리티 마이데이 90+30P 바이오 피니티 3+1 (1년치) 바슈롬 울트라 90+30P 아큐브 할인 혜택...",https://blog.naver.com/akbs0116/224345039851,naver_blog_api,바슈롬 울트라 이벤트,글라스닥터 안경원 신이문역점,2026-07-20T11:46:39+09:00,1,0,1,0
2026-07,2026-07-13,7,1,1,1,광주,쿠퍼,프로모션,"[광주 수완지구 안경] 으뜸50안경 광주수완점, 솔직 후기...","콘택트렌즈 진열장도 빼놓을 수 없는 볼거리였어요. 아큐브(Acuvue), 쿠퍼비전(CooperVision) 등 우리가 아는... 네이버 영수증 리뷰 이벤트도 진행 중이더라고요. 영수증 미리 받아서 꼼꼼하게 리뷰 작성하시면 할인을...",https://blog.naver.com/guddns251/224344802064,naver_blog_api,쿠퍼렌즈 이벤트,CHU 약사의 블로그,2026-07-20T11:46:39+09:00,1,0,1,0
2026-07,2026-07-13,7,1,1,1,미분류,알콘,체험/증정,가성비 분당 정자역 안경 '으뜸50안경 분당정자점...,"평소 착용하는 쿠퍼비전 렌즈도 함께 구매했는데 이번달 3+1 행사 중이라 한번에 구매완료! 안경 렌즈... 분당 정자역 안경, 정자역 렌즈 파격 할인 데일리스토탈원 90P구매시 10P 증정 이벤트!! 으뜸50안경...",https://blog.naver.com/witty_withyun/224344781143,naver_blog_api,쿠퍼렌즈 이벤트,ღ 결혼 준비 기록 | 꼬꼬마 ISTJ’s 웨딩로그 ღ,2026-07-20T11:46:39+09:00,1,1,0,0
2026-07,2026-07-13,7,1,1,1,미분류,쿠퍼,프로모션,"쿠퍼비전 마이데이... 114,000원..아이아이안경 7월 이벤트",쿠퍼비전 마이데이는 롱체인 분자 배열로 편안한 착용감을 제공하는 실리콘하이드로겔 원데이... 아이아이안경 & 마이데이 쿠퍼비전 마이데이 7월 이벤트를 소개합니다. 마이데이 대용량은 90개입에 60개...,https://blog.naver.com/opticpark/224344303189,naver_blog_api,쿠퍼 마이데이 이벤트,아이아이안경,2026-07-20T11:46:39+09:00,0,0,1,0
2026-07,2026-07-20,0,1,1,1,미분류,쿠퍼,프로모션,[안산안경] 상록수안경 쿠퍼비전 3+1 혜택을 소개합니다♩,"이번 여름 쿠퍼비전에서는 기존 멤버십보다 한층 업그레이드된 3+1 프로모션을 준비했습니다. 평소 쿠퍼비전 렌즈를 사용하고 계셨던 고객님은 물론, 착용감을 비교해 보고 싶었던 분들에게도 반가운...",https://blog.naver.com/2123wodud/224351699056,naver_blog_api,쿠퍼렌즈 프로모션,안산다비치상록수점,2026-07-20T11:46:39+09:00,1,0,1,0
2026-07,2026-07-20,0,1,1,1,미분류,쿠퍼,프로모션,운정안경점 쿠퍼비전 3+1 혜택이 짱짱한 여름 프로모션:),평소 사용하시던 렌즈를 더욱 합리적으로 준비하고 싶으시거나 쿠퍼비전 렌즈를 처음 경험해보고 싶으셨다면 이번 여름 프로모션을 꼭 활용해보시기 바랍니다.,https://blog.naver.com/osaka707/224351688896,naver_blog_api,쿠퍼렌즈 프로모션,다비치안경 파주운정역점,2026-07-20T11:46:39+09:00,1,0,1,0
2026-07,2026-07-20,0,1,1,1,미분류,쿠퍼,프로모션,김포안경점 쿠퍼비전 3+1 추가 혜택도 알뜰하게 챙기기♡,"맞는 렌즈를 추천해드리고 있으니 편하게 상담받아 보시기 바랍니다. 이번 여름, 더욱 풍성해진 쿠퍼비전 프로모션과 함께 필요한 렌즈를 알뜰하게 준비해보세요. 행사 종료일은 2026년 8월 31일입니다.",https://blog.naver.com/davich_gurae/224351682419,naver_blog_api,쿠퍼렌즈 프로모션,다비치안경 김포구래역점,2026-07-20T11:46:39+09:00,1,0,1,0
2026-07,2026-07-20,0,1,1,1,미분류,쿠퍼,프로모션,화성안경점 쿠퍼비전 3+1 여름 프로모션 소식:),"3+1 프로모션으로 진행됩니다. 평소 쿠퍼비전 렌즈를 사용하셨던 고객은 물론, 처음 착용을 고민하시는 분들에게도 좋은 기회입니다. 클래리티(Clarity) 원데이 선명한 시야와 촉촉한 착용감이 특징으로...",https://blog.naver.com/dvc4143/224351676358,naver_blog_api,쿠퍼렌즈 프로모션,다비치안경 화성시청점,2026-07-20T11:46:39+09:00,1,0,1,0
2026-07,2026-07-20,0,1,1,1,미분류,쿠퍼,프로모션,진천안경점 쿠퍼비전 3+1 그 혜택은?,콘택트렌즈는 구매 시기를 조금만 잘 맞춰도 비용 부담을 크게 줄일 수 있습니다. 이번 여름 쿠퍼비전에서는 기존 멤버십보다 더욱 강화된 3+1 프로모션을 진행합니다. ◆ 행사기간 2026년 7월 1일...,https://blog.naver.com/jincheon0220/224351654926,naver_blog_api,쿠퍼렌즈 프로모션,[다비치안경] 진천읍사무소점,2026-07-20T11:46:39+09:00,1,0,1,0
2026-07,2026-07-20,0,1,1,1,미분류,쿠퍼,프로모션,작전안경점 쿠퍼비전 3+1 혜택 놓치면 안대염!!,"이번 여름, 더욱 좋아진 쿠퍼비전 프로모션으로 합리적인 혜택과 함께 내 눈에 맞는 렌즈도 꼼꼼하게 상담받아 보세요. 행사는 2026년 8월 31일까지 진행되며, 행사 대상 제품 및 구매 조건에 따라 혜택이...",https://blog.naver.com/seohyundok08/224351647862,naver_blog_api,쿠퍼렌즈 프로모션,다비치안경 작전점,2026-07-20T11:46:39+09:00,1,0,1,0
2026-07,2026-07-19,1,1,1,1,미분류,쿠퍼,프로모션,"[서창덕계다비치안경]쿠퍼비젼 원데이,한달착용 렌즈 3+1",쿠퍼비전 렌즈를 3팩 구매시 1팩 더 프로모션으로 가성비 있게 구매하세요 !,https://blog.naver.com/ggokiyo1/224351030586,naver_blog_api,쿠퍼렌즈 프로모션,웅상/덕계/서창 다비치안경 양산덕계사거리점,2026-07-20T11:46:39+09:00,1,0,1,0
2026-07,2026-07-17,3,1,1,1,인천,쿠퍼,프로모션,[다비치안경 인천검단점] 7월의 콘택트렌즈 혜택,콘택트렌즈 교체를 고민하고 계셨다면 지금이 기회! 다비치안경과 쿠퍼비전이 준비한 7월 특별... 알찬 프로모션이 준비되어 있습니다. 지금까지 7월 콘택트렌즈 혜택 안내드렸습니다. 소개해드린 행사...,https://blog.naver.com/dvc3960/224349470160,naver_blog_api,쿠퍼렌즈 프로모션,다비치안경 인천검단점,2026-07-20T11:46:39+09:00,1,0,1,0
2026-07,2026-07-16,4,1,1,1,미분류,쿠퍼,체험/증정,성남다비치 7월 쿠퍼비전... 바이오피니티 추가 증정 프로모션,"클래리티·마이데이·바이오피니티 프로모션 안내 7월에도 쿠퍼비전 렌즈를 기다리셨던 분들을 위한 추가 증정 행사를 소개해드리려 합니다. 이번 프로모션은 클래리티, 마이데이...",https://blog.naver.com/hans1092/224348511762,naver_blog_api,쿠퍼렌즈 프로모션,다비치 안경 성남 중동점,2026-07-20T11:46:39+09:00,1,0,1,0
2026-07,2026-07-14,6,1,1,1,미분류,알콘,프로모션,"원흥동 안경 맞춘썰, 레이벤부터 브랜드다양한 안경진정성...","저는 요 콘택트렌즈 보러도 가끔 와요. 아큐브, 알콘, 쿠퍼비전 등 다 구비 되어있구요, 제품 최저가로... 금액도 완전 좋구 달마다 프로모션도있어서 참고하심 좋을 것 같아요. 결국 예쁜 뿔테로 결정 탕탕...",https://blog.naver.com/miniss_trip/224346414484,naver_blog_api,쿠퍼렌즈 프로모션,미니쓰 긍정여행기,2026-07-20T11:46:39+09:00,1,1,0,0
2026-07,2026-07-14,6,1,1,1,미분류,쿠퍼,프로모션,내포콘택트렌즈 쿠퍼비전 프로모션,이번달에는 평소와는 다른 다양한 혜택이 있으니 끝까지 확인해주세요~ 쿠퍼비전 쿠폰 프로모션 여름 휴가동안 사용할 렌즈가 필요하지 않으신가요? 클래리티와 마이데이 30P 근시/난시 모두 3팩 구매하시면...,https://blog.naver.com/twosomemia/224346298354,naver_blog_api,쿠퍼렌즈 프로모션,다비치안경 내포신도시점,2026-07-20T11:46:39+09:00,1,0,1,0
2026-07,2026-07-14,6,1,1,1,미분류,쿠퍼,프로모션,[다비치안경 평택고덕신도시점] 아직도 투명렌즈 뭐 쓰실지...,"지난 달 많은 고객님들께서 찾아주셨던 쿠퍼비전 콘택트렌즈 프로모션! 좋은 반응에 힘입어 프로모션 기간이 연장되었습니다 평소 클래리티, 마이데이, 바이오피니티를 착용하셨던 분들이라면 더욱...",https://blog.naver.com/pick_meee_e/224346107145,naver_blog_api,쿠퍼렌즈 프로모션,다비치 안경 보청기 평택 고덕신도시점,2026-07-20T11:46:39+09:00,1,0,1,0
2026-07,2026-07-20,0,1,1,1,미분류,쿠퍼,프로모션,쿠퍼비전바이오피니티 한달용렌즈가격 싼 곳 여기!,"구매한 쿠퍼비전바이오피니티는 한달용렌즈가격 싼 제품으로 6알 1 팩에 34,000원으로 저렴히 구매할 수 있었어요. ;아래 카톡 채널을 친구추가 하시고 할인 혜택 꼭 받아 가세요! 남대문점 - 우리동네안경원...",https://blog.naver.com/ppcute222/224351805772,naver_blog_api,쿠퍼 바이오피니티 안경원,일회용렌즈,2026-07-20T11:46:39+09:00,1,0,1,0
2026-07,2026-07-17,3,1,1,1,미분류,쿠퍼,프로모션,[용암동안경] 난시도 콘택트렌즈 착용할 수 있어요 ? 난시용...,"쿠퍼비전 (CooperVision): 촉촉함의 대명사인 '클래리티 원데이 난시', '마이데이 원데이 난시', 그리고 한달용의 절대 강자 '바이오피니티 토릭'까지! 모든 라인업을 파격적인 할인가로 진행 중입니다. 다양한...",https://blog.naver.com/davich_ym/224349299654,naver_blog_api,쿠퍼 바이오피니티 안경원,다비치안경 청주용암점,2026-07-20T11:46:39+09:00,1,0,1,0
2026-07,2026-07-15,5,1,1,1,미분류,쿠퍼,프로모션,쿠퍼비전바이오피니티 한달용렌즈가격 싼 곳,"우리동네안경원에서는 쿠퍼비전바이오피니티를 포함하여 여러가지의 한달용렌즈가격 할인 중인데요. 우리동네안경원에서는 강서점을 포함해서 남대문 본점, 명동점, 가산점, 분당점 이렇게 총 5개의...",https://blog.naver.com/aria_r_508k/224347156169,naver_blog_api,쿠퍼 바이오피니티 안경원,컬러렌즈,2026-07-20T11:46:39+09:00,1,0,1,0
2026-07,2026-07-20,0,1,1,1,미분류,쿠퍼,프로모션,청라안경 '안경진정성 청라점'에서 안경 렌즈 바꿨어요,"60+40 행사도 진행중이구요 마이아큐브 적립 및 쿠폰 사용도 가능하니 사진 참고해주세요! 그 외에도 바슈롬, 쿠퍼비젼, 인터로조 등이 있구요 마음에 드는 렌즈의 포토카드를 직원분께 보여드리고 필요한...",https://blog.naver.com/thwjd91070/224343747012,naver_blog_api,바슈롬 렌즈 행사,소♡윤 자매의 하루,2026-07-20T11:46:39+09:00,1,0,1,0
2026-07,2026-07-17,3,1,1,1,서울,바슈롬,프로모션,[서울ㅣ 구로] 구로 안경점 안경나라 테크노마트신도림점에서...,"콘텍트렌즈 렌즈도 아큐브, 바슈롬, 컬러렌즈 등 다양하게 많았습니다. 행사도 같이 하고 있는 것 같으니 참고하세요! 선글라스 구매 엄마가 선글라스 맞추러 가셨는데요! 평소 가벼운 선글라스를 찾고...",https://blog.naver.com/supaduva25/224349808541,naver_blog_api,바슈롬 렌즈 행사,규규 무드로그,2026-07-20T11:46:39+09:00,1,0,0,1
2026-07,2026-07-17,3,1,1,1,미분류,바슈롬,프로모션,7월 바슈롬 울트라 원데이 90+30 행사,투명 근시 원데이 대용량 렌즈 입니다. 소진시 행사종료하오니 참고 부탁드립니다.,https://blog.naver.com/paganinida/224349553431,naver_blog_api,바슈롬 렌즈 행사,comfortable glasses님의 블로그,2026-07-20T11:46:39+09:00,1,0,0,1
2026-07,2026-07-17,3,1,1,1,미분류,바슈롬,체험/증정,"렌즈 행사 총정리! 다비치 라이트 9,900원 & 바슈롬 3+1","바슈롬 컬러렌즈 3+1 행사 (기간:6/15~7/31) 대상 제품 : 레이셀, 내츄럴 바슈롬 인기 컬러렌즈인 레이셀과 내츄럴 제품은 현재 3팩 구매 시 1팩 추가 증정 혜택을 받아보실 수 있습니다. 특히 오로라 블랙과...",https://blog.naver.com/davich_okjeong/224349347525,naver_blog_api,바슈롬 렌즈 행사,davich_okjeong님의 블로그,2026-07-20T11:46:39+09:00,1,0,0,1
2026-07,2026-07-17,3,1,1,1,대구,바슈롬,프로모션,대구 오클리매장 추천 오클리 테라포마 티타늄 구매 후기...,"답게 행사 균일가 안경테도 가격대별로 준비되어 얼굴형 취향에 맞게 고를 수 있어서 여러개... 안경잽이 시절엔 당장 벗고 싶더니 청개구리 심보 오져버려 컬러 렌즈, 일회용 렌즈, 바슈롬 렌즈 종류도 엄청...",https://blog.naver.com/0929cm/224348963376,naver_blog_api,바슈롬 렌즈 행사,위대한 예술가,2026-07-20T11:46:39+09:00,1,0,0,1
2026-07,2026-07-16,4,1,1,1,부산,쿠퍼,프로모션,부산수영구 포나인즈 안경 선글라스 블루라이트차단렌즈...,특별할인 행사하는데 확실히 눈에띄는데 50프로 최대할인이라 마음에 들었다 블루라이트 렌즈도 한번... 아큐브 바슈롬 쿠퍼비젼등 일회용 렌즈 1+1 진행하고있고 테들도 최소한 할인되는 제품들이 20%할인...,https://blog.naver.com/seddbwls/224348840271,naver_blog_api,바슈롬 렌즈 행사,유지어터유지느님,2026-07-20T11:46:39+09:00,1,0,1,0
2026-07,2026-07-16,4,1,1,1,미분류,쿠퍼,프로모션,민락동안경 수영역 선글라스 아이젠트리 수영점,"특별할인행사, 안경렌즈 최저가 도전하는 민락동 안경 아이젠트리 수영점 우리도 여름 맞이 선글라스... 일회용 렌즈 1+1 진행중이라서 아큐브, 바슈롬, 쿠퍼비젼 등 유명 브랜드 렌즈 유목민분들은 여기에...",https://blog.naver.com/jinah_b16/224348717132,naver_blog_api,바슈롬 렌즈 행사,JINAH,2026-07-20T11:46:39+09:00,1,0,1,0
2026-07,2026-07-16,4,1,1,1,미분류,바슈롬,프로모션,"신도림안경 추천, 안경나라 테크노마트 신도림점에서 안경...",렌즈도 행사하고 있구요 렌즈 종류도 바슈롬부터 다양하게 있었어요! 렌즈는 항상 쓰는 브랜드를 쓰니 필요하신 분들은 미리 전화하고 방문해도 좋을거 같아요 안경테 종류 안경테 종류는 저렴한 9천원대부터...,https://blog.naver.com/jeehanna/224347921979,naver_blog_api,바슈롬 렌즈 행사,Hanna in Bloom,2026-07-20T11:46:39+09:00,1,0,0,1
2026-07,2026-07-15,5,1,1,1,부산,바슈롬,프로모션,바슈롬 레이셀&네츄렐 원데이 컬러렌즈 30P 3+1 여름 행사!,감만동 용당동 대연동 렌즈맛집) 바슈롬 레이셀&네츄렐 원데이 컬러렌즈 30P 3+1 여름 행사! 여름철 야외 활동이 많아지면 땀과 유분 때문에 아이메이크업이 번지기 십상이라 고민 많으셨죠? 이럴 때 무겁고 진한...,https://blog.naver.com/1001abcd/224347630231,naver_blog_api,바슈롬 렌즈 행사,으뜸플러스안경 부산경성대점,2026-07-20T11:46:39+09:00,1,0,0,1
2026-07,2026-07-15,5,1,1,1,대구,바슈롬,프로모션,콘택트렌즈가 자꾸 움직인다면? 렌즈 불편함 그냥 넘기면...,안녕하세요 대구 달서구 대곡역 안경원 옵틱리브레 해방안경원입니다 ^ㅡ^ 콘택트렌즈를 착용하는... 혼자 고민하지 마시고 편하게 상담받아보세요:) 옵틱리브레 해방안경은 매달 렌즈 행사 이벤트 중 카카오톡...,https://blog.naver.com/opticlibre/224347303801,naver_blog_api,바슈롬 콘택트렌즈 이벤트,눈의 불편함에서 해방! 가격에서 해방! 해방안경,2026-07-20T11:46:39+09:00,1,0,0,1
2026-07,2026-07-15,5,1,1,1,미분류,바슈롬,프로모션,울트라원데이 대용량 90+30+10! 광명안경,오늘은 바슈롬 울트라 원데이 행사를 소개해 드리려고 합니다! 바슈롬 울트라 원데이는 실리콘 하이드로겔 소재로 산소투과율이 높은 프리미엄 렌즈 라인이에요! 편안한 착용감과 오랫동안 유지되는...,https://blog.naver.com/tophaan/224347253593,naver_blog_api,바슈롬 렌즈 행사,으뜸플러스광명하안점,2026-07-20T11:46:39+09:00,1,0,0,1
2026-07,2026-07-14,6,1,1,1,미분류,바슈롬,체험/증정,바슈롬 레이셀 원데이 컬러렌즈 3+1 역대급 여름 이벤트!...,일산콘택트렌즈 #일산컬러렌즈 #마두역안경 #마두동안경 #백마학원가안경 #으뜸플러스안경 #으뜸플러스일산마두점#바슈롬이벤트 #레이셀할인 #렌즈추가증정 #여름이벤트 #바슈롬행사 #컬러렌즈추천...,https://blog.naver.com/topmadu/224346583114,naver_blog_api,바슈롬 콘택트렌즈 이벤트,으뜸플러스일산마두점,2026-07-20T11:46:39+09:00,1,0,0,1
2026-07,2026-07-13,7,1,1,1,미분류,바슈롬,체험/증정,"바슈롬 레이셀,네츄렐 컬러렌즈 울트라원데이 추가증정...","[오로라브라운,오로라블랙,메리모카] 이번 레이셀 3+1 행사가 더욱! 특별한 이유! 레이셀 신상!... 뮤즈초코 EVENT 2 바슈롬 브랜드 프리미엄 원데이렌즈 울트라 원데이! 7월 한달동안 으뜸플러스안경에서 30P...",https://blog.naver.com/plusjuyeop/224332820345,naver_blog_api,바슈롬 렌즈 행사,으뜸플러스일산주엽점,2026-07-20T11:46:39+09:00,1,0,0,1
2026-07,2026-07-19,1,1,1,1,미분류,바슈롬,프로모션,[구미 비산동] 아이코드 안경원,추천드립니다 ~~ 콘택트렌즈도 있었어요! 마이오스마트렌즈 취급점이라 렌즈도 다양하게 많더라구요!... 그리고 바슈롬 렌즈도 있길래 이벤트 하고 있어서 구매했습니다! 구미에서 안경원을 찾으신다면?...,https://blog.naver.com/sert2008/224351372040,naver_blog_api,바슈롬 콘택트렌즈 이벤트,블로그명을 입력하세요.,2026-07-20T11:46:39+09:00,1,0,0,1
2026-07,2026-07-16,4,1,1,1,미분류,바슈롬,프로모션,[바슈롬 레이셀 3+1] 자연스러운 인생 컬러렌즈 추천! 인기 컬러...,할인 콘택트렌즈 가격표 공개! 이번달 콘택트렌즈 으뜸특가 할인율 확인하시고 더+ 저렴하게... 레이셀컬러렌즈 #바슈롬원데이 #바슈롬레이셀원데이#크리스탈브라운 #트윙클브라운 #오로라블랙...,https://blog.naver.com/topplusth/224348378979,naver_blog_api,바슈롬 콘택트렌즈 이벤트,으뜸플러스안경일산탄현점,2026-07-20T11:46:39+09:00,1,0,0,1
